t,throttle
3.0405,0.0010516
3.0405,0.0015292
3.2232,0.0010516
3.2232,0.00041483
3.5426,0.0015292
3.5426,0.0010516
3.5426,0.0015292
3.5426,0.0010516
3.5426,0.0015292
3.7253,0.0010516
3.8624,0.0015292
4.0451,0.0010516
4.0451,0.0015292
4.0451,0.0010516
4.0451,0.0015292
4.1818,0.0010516
4.5016,0.0010516
4.6842,0.0015292
4.6842,0.0010516
4.6842,0.0015292
4.8213,0.0010516
4.8213,0.0015292
4.8213,0.0010516
5.004,0.00041483
5.004,0.14373
5.004,0.13164
5.1407,0.13005
5.1407,0.1073
5.3234,0.10619
5.3234,0.10412
5.3234,0.1046
5.5061,0.10412
5.5061,0.10349
5.5061,0.10412
5.5061,0.10349
5.5061,0.10412
5.5061,0.10349
5.6432,0.10301
5.6432,0.10349
5.6432,0.10301
5.8259,0.10349
5.8259,0.10301
5.8259,0.10349
5.9626,0.10301
5.9626,0.10349
5.9626,0.10301
5.9626,0.10349
6.1452,0.10301
6.1452,0.10349
6.1452,0.10301
6.1452,0.10349
6.1452,0.10301
6.1452,0.10349
6.2824,0.10301
6.2824,0.10349
6.465,0.10301
6.465,0.10253
6.465,0.10349
6.6021,0.10301
6.6021,0.10253
6.6021,0.10301
6.6021,0.10253
6.7844,0.10301
6.9215,0.10253
7.1042,0.10301
7.1042,0.10253
7.1042,0.10301
7.1042,0.10253
7.1042,0.10301
7.2869,0.10253
7.2869,0.10301
7.2869,0.10253
7.2869,0.10301
7.2869,0.10253
7.2869,0.10301
7.424,0.10253
7.424,0.10301
7.424,0.10253
7.424,0.10301
7.6067,0.10253
7.6067,0.10301
7.7434,0.10253
7.7434,0.10301
7.7434,0.10253
7.926,0.10301
7.926,0.10349
7.926,0.10301
8.0631,0.10349
8.0631,0.10412
8.2458,0.10349
8.2458,0.10412
8.2458,0.10349
8.2458,0.10412
8.3825,0.10349
8.5652,0.10412
8.5652,0.10349
8.5652,0.10412
8.7023,0.10349
8.7023,0.10301
8.7023,0.10412
8.7023,0.10301
8.7023,0.10412
8.885,0.10349
8.885,0.10301
8.885,0.10349
9.0677,0.10412
9.2048,0.10349
9.2048,0.10412
9.5242,0.10301
9.7068,0.10349
9.7068,0.10301
9.7068,0.10349
9.7068,0.10301
9.8439,0.10349
9.8439,0.10301
10.027,0.10349
10.027,0.10412
10.027,0.10301
10.027,0.10349
10.027,0.10301
10.027,0.10349
10.027,0.10301
10.163,0.10349
10.163,0.10301
10.163,0.10349
10.163,0.10301
10.163,0.10349
10.346,0.10301
10.346,0.10349
10.346,0.10301
10.346,0.10349
10.483,0.10301
10.483,0.10349
10.483,0.10301
10.483,0.10412
10.666,0.10349
10.666,0.10301
10.666,0.10349
10.666,0.10301
10.803,0.10349
10.803,0.10301
10.803,0.10349
10.803,0.10301
10.803,0.10349
10.985,0.10301
10.985,0.10412
10.985,0.10301
10.985,0.10349
11.168,0.10301
11.168,0.10349
11.305,0.10301
11.305,0.10253
11.305,0.10349
11.488,0.10301
11.488,0.10349
11.488,0.10301
11.488,0.10349
11.625,0.10301
11.625,0.10349
11.625,0.10301
11.625,0.10349
11.807,0.10301
11.944,0.10253
12.127,0.10301
12.127,0.10349
12.127,0.10253
12.264,0.10301
12.264,0.10349
12.447,0.10301
12.447,0.10253
12.447,0.10301
12.447,0.10253
12.447,0.10301
12.447,0.10253
12.583,0.10301
12.583,0.10253
12.583,0.10301
12.583,0.10253
12.766,0.10301
12.766,0.10253
12.766,0.10301
12.766,0.10253
12.766,0.10301
12.949,0.10253
12.949,0.10301
12.949,0.10253
12.949,0.10301
12.949,0.10253
12.949,0.10301
13.086,0.10253
13.086,0.10301
13.086,0.10253
13.086,0.10301
13.086,0.10253
13.268,0.10301
13.268,0.10253
13.268,0.10301
13.268,0.10253
13.268,0.10301
13.405,0.10253
13.405,0.10301
13.405,0.10253
13.405,0.10301
13.405,0.10253
13.405,0.10301
13.588,0.10253
13.588,0.10301
13.725,0.10253
13.725,0.10301
13.725,0.10253
13.725,0.10301
13.908,0.10253
13.908,0.10301
14.045,0.10253
14.045,0.10301
14.045,0.10253
14.045,0.10301
14.227,0.10253
14.227,0.10301
14.364,0.10253
14.364,0.10301
14.547,0.10253
14.547,0.10301
14.547,0.10253
14.547,0.10301
14.729,0.10253
14.729,0.1019
14.867,0.10253
15.049,0.10253
15.186,0.10301
15.186,0.10253
15.186,0.10301
15.369,0.10253
15.506,0.10301
15.506,0.10253
15.506,0.10301
15.688,0.10253
15.688,0.10301
15.825,0.10253
16.008,0.10253
16.145,0.10301
16.328,0.10253
16.465,0.10301
16.647,0.10253
16.647,0.1019
16.647,0.10301
16.647,0.10253
16.647,0.10301
16.83,0.10253
16.83,0.10301
16.83,0.1019
16.967,0.10253
16.967,0.1019
16.967,0.10253
16.967,0.1019
17.149,0.10253
17.149,0.1019
17.149,0.10253
17.287,0.1019
17.287,0.10253
17.287,0.1019
17.469,0.10253
17.469,0.1019
17.469,0.10253
17.469,0.1019
17.606,0.10253
17.606,0.1019
17.606,0.10253
17.606,0.1019
17.789,0.10253
17.789,0.1019
17.926,0.10253
17.926,0.1019
17.926,0.10253
17.926,0.1019
18.108,0.10253
18.108,0.1019
18.245,0.10253
18.245,0.1019
18.245,0.10253
18.428,0.1019
18.428,0.10253
18.428,0.1019
18.428,0.10253
18.428,0.1019
18.428,0.10253
18.61,0.1019
18.61,0.10253
18.61,0.1019
18.61,0.10253
18.61,0.1019
18.748,0.10253
18.93,0.1019
18.93,0.10253
18.93,0.1019
19.067,0.10253
19.067,0.1019
19.067,0.10253
19.067,0.1019
19.25,0.10253
19.25,0.1019
19.25,0.10253
19.25,0.1019
19.25,0.10253
19.25,0.1019
19.387,0.10253
19.387,0.1019
19.387,0.10253
19.387,0.1019
19.569,0.10253
19.569,0.1019
19.569,0.10253
19.569,0.1019
19.706,0.10253
19.706,0.1019
19.706,0.10253
19.706,0.1019
19.706,0.10253
19.889,0.1019
19.889,0.10253
19.889,0.1019
19.889,0.10253
20.026,0.1019
20.026,0.10253
20.209,0.1019
20.209,0.10253
20.209,0.1019
20.209,0.10253
20.391,0.1019
20.391,0.10253
20.391,0.1019
20.391,0.10253
20.528,0.1019
20.528,0.10253
20.528,0.1019
20.711,0.10253
20.711,0.1019
20.848,0.10253
20.848,0.1019
20.848,0.10253
20.848,0.1019
20.848,0.10253
20.848,0.1019
21.031,0.10253
21.031,0.10142
21.031,0.10253
21.031,0.1019
21.167,0.10253
21.167,0.1019
21.167,0.10253
21.167,0.1019
21.167,0.10253
21.35,0.1019
21.35,0.10253
21.35,0.1019
21.35,0.10253
21.35,0.1019
21.35,0.10253
21.487,0.1019
21.487,0.10253
21.487,0.1019
21.487,0.10253
21.487,0.1019
21.67,0.10253
21.67,0.1019
21.67,0.10253
21.67,0.1019
21.67,0.10253
21.807,0.1019
21.989,0.10253
22.126,0.1019
22.126,0.10253
22.126,0.1019
22.126,0.10253
22.309,0.1019
22.492,0.10253
22.492,0.1019
22.492,0.10253
22.492,0.1019
22.492,0.10253
22.629,0.1019
22.629,0.10253
22.811,0.1019
22.948,0.10253
23.131,0.1019
23.131,0.10253
23.131,0.1019
23.131,0.10253
23.268,0.1019
23.268,0.10142
23.268,0.10253
23.451,0.1019
23.587,0.10253
23.587,0.1019
23.587,0.10253
23.77,0.1019
23.77,0.10253
23.77,0.1019
23.77,0.10253
23.907,0.1019
24.09,0.1019
24.273,0.10253
24.273,0.1019
24.273,0.10253
24.273,0.1019
24.273,0.10253
24.273,0.1019
24.409,0.10253
24.729,0.10142
24.912,0.1019
24.912,0.10142
25.049,0.1019
25.049,0.10253
25.231,0.1019
25.231,0.10142
25.368,0.1019
25.368,0.10142
25.551,0.1019
25.551,0.10142
25.551,0.1019
25.551,0.10142
25.688,0.1019
25.688,0.10142
25.688,0.1019
25.688,0.10142
25.871,0.1019
25.871,0.10142
25.871,0.1019
26.053,0.10142
26.053,0.1019
26.053,0.10142
26.053,0.1019
26.053,0.10142
26.19,0.1019
26.19,0.10142
26.19,0.1019
26.19,0.10142
26.19,0.1019
26.19,0.10142
26.373,0.1019
26.373,0.10142
26.373,0.1019
26.373,0.10142
26.51,0.1019
26.51,0.10142
26.693,0.1019
26.693,0.10142
26.693,0.1019
26.693,0.10142
26.693,0.1019
26.693,0.10142
26.829,0.1019
26.829,0.10142
26.829,0.1019
26.829,0.10142
27.012,0.1019
27.012,0.10142
27.012,0.1019
27.012,0.10142
27.149,0.1019
27.149,0.10142
27.149,0.1019
27.149,0.10142
27.149,0.1019
27.149,0.10142
27.332,0.1019
27.332,0.10142
27.469,0.1019
27.469,0.10142
27.469,0.1019
27.469,0.10142
27.651,0.1019
27.651,0.10142
27.651,0.1019
27.651,0.10142
27.788,0.1019
27.788,0.10142
27.788,0.1019
27.788,0.10142
27.971,0.1019
27.971,0.10142
27.971,0.1019
27.971,0.10142
28.154,0.1019
28.154,0.10142
28.154,0.1019
28.154,0.10142
28.154,0.1019
28.291,0.10142
28.291,0.1019
28.291,0.10142
28.291,0.1019
28.291,0.10142
28.291,0.1019
28.291,0.10142
28.291,0.1019
28.473,0.10253
28.473,0.10142
28.473,0.1019
28.473,0.10142
28.61,0.1019
28.61,0.10142
28.61,0.1019
28.61,0.10142
28.61,0.1019
28.793,0.10142
28.793,0.1019
28.793,0.10142
28.793,0.1019
28.93,0.10142
28.93,0.1019
28.93,0.10142
29.112,0.1019
29.112,0.10142
29.112,0.1019
29.112,0.10142
29.112,0.1019
29.112,0.10142
29.112,0.1019
29.25,0.10142
29.25,0.1019
29.25,0.10142
29.25,0.1019
29.25,0.10142
29.432,0.1019
29.432,0.10142
29.569,0.1019
29.569,0.10142
29.569,0.1019
29.569,0.10142
29.569,0.1019
29.569,0.10142
29.752,0.1019
29.752,0.10142
29.752,0.1019
29.934,0.10142
29.934,0.1019
29.934,0.10142
30.071,0.1019
30.071,0.10142
30.071,0.1019
30.071,0.10142
30.071,0.1019
30.254,0.10142
30.254,0.1019
30.254,0.10142
30.254,0.1019
30.254,0.10142
30.254,0.1019
30.391,0.10142
30.391,0.1019
30.391,0.10142
30.391,0.1019
30.391,0.10142
30.391,0.1019
30.574,0.10142
30.574,0.1019
30.574,0.10142
30.574,0.1019
30.711,0.10142
30.711,0.1019
30.711,0.10142
30.711,0.1019
30.711,0.10142
30.711,0.1019
30.893,0.10142
30.893,0.1019
31.03,0.10142
31.03,0.1019
31.03,0.10142
31.03,0.1019
31.213,0.10142
31.35,0.1019
31.532,0.10142
31.532,0.1019
31.532,0.10142
31.532,0.1019
31.715,0.10142
31.715,0.1019
31.715,0.10142
31.715,0.1019
31.852,0.10142
32.491,0.10142
32.674,0.10094
32.674,0.10142
32.674,0.10094
32.811,0.10142
32.993,0.10094
33.131,0.10142
33.131,0.1019
33.313,0.10142
33.313,0.10094
33.313,0.10142
33.313,0.10094
33.45,0.10142
33.45,0.10094
33.45,0.10142
33.633,0.10094
33.633,0.1019
33.633,0.10094
33.633,0.1019
33.815,0.10142
33.815,0.10094
33.815,0.1019
33.815,0.10142
33.952,0.1019
33.952,0.10094
34.135,0.10142
34.272,0.10094
34.455,0.10142
34.455,0.1019
34.455,0.10094
34.455,0.1019
34.592,0.10142
34.592,0.1019
34.592,0.10142
34.592,0.1019
34.774,0.10142
34.774,0.1019
34.911,0.10142
34.911,0.10094
34.911,0.1019
35.094,0.10142
35.094,0.1019
35.231,0.10142
35.413,0.10094
35.596,0.10142
35.733,0.10094
35.733,0.10142
35.733,0.10094
35.733,0.10142
35.916,0.1019
36.053,0.10142
36.235,0.10094
36.372,0.10142
36.372,0.10094
36.372,0.10142
36.372,0.10094
36.372,0.10142
36.372,0.10094
36.372,0.10142
36.555,0.10094
36.555,0.10142
36.555,0.10094
36.555,0.10142
36.692,0.10094
36.692,0.10142
36.692,0.10094
36.875,0.10142
36.875,0.10094
37.012,0.10142
37.194,0.10094
37.377,0.10142
37.377,0.1019
37.377,0.10094
37.514,0.10142
37.514,0.10094
37.514,0.10142
37.514,0.10094
37.697,0.10142
37.697,0.10094
37.833,0.10142
38.016,0.10094
38.016,0.10142
38.153,0.1019
38.153,0.10094
38.336,0.10142
38.336,0.10094
38.473,0.10142
38.655,0.10094
38.792,0.10142
38.792,0.10094
38.975,0.10142
38.975,0.10094
38.975,0.10142
38.975,0.10094
39.112,0.10142
39.112,0.10094
39.112,0.10142
39.112,0.10094
39.295,0.10142
39.477,0.10094
39.614,0.10142
39.614,0.10094
39.797,0.10142
39.797,0.10094
39.797,0.1019
39.797,0.10094
39.934,0.10142
39.934,0.10094
39.934,0.10142
40.117,0.10094
40.117,0.10142
40.117,0.10094
40.117,0.10142
40.117,0.10094
40.117,0.1019
40.253,0.10142
40.253,0.10094
40.253,0.10142
40.253,0.10094
40.436,0.10142
40.436,0.10094
40.573,0.10142
40.573,0.10094
40.573,0.10142
40.573,0.10094
40.573,0.10142
40.756,0.10094
40.756,0.10142
40.756,0.10094
40.756,0.10142
40.756,0.10094
40.893,0.10142
40.893,0.10094
40.893,0.1019
40.893,0.10094
41.076,0.10142
41.076,0.10094
41.258,0.10142
41.258,0.10094
41.258,0.10142
41.258,0.10094
41.395,0.10142
41.395,0.10094
41.395,0.10142
41.395,0.10094
41.578,0.10142
41.578,0.10094
41.715,0.10142
41.715,0.10094
41.715,0.10142
41.715,0.10094
41.715,0.10142
41.715,0.10094
41.897,0.10142
41.897,0.10094
41.897,0.10142
41.897,0.10094
41.897,0.10142
41.897,0.10094
42.034,0.10142
42.217,0.10094
42.217,0.10142
42.354,0.10094
42.354,0.10142
42.537,0.10094
42.537,0.10142
42.537,0.10094
42.674,0.10142
42.674,0.10094
42.674,0.10142
42.674,0.10094
42.674,0.10142
42.856,0.10094
42.856,0.1019
43.039,0.10142
43.039,0.10094
43.039,0.1019
43.176,0.10142
43.176,0.10094
43.176,0.10142
43.176,0.10094
43.176,0.10142
43.358,0.10094
43.358,0.10142
43.358,0.10094
43.496,0.10142
43.496,0.1019
43.678,0.10142
43.815,0.10094
43.815,0.10142
43.815,0.10094
43.998,0.10142
43.998,0.1019
43.998,0.10094
43.998,0.10142
43.998,0.10094
43.998,0.10142
43.998,0.10094
44.135,0.10142
44.135,0.10094
44.135,0.10142
44.135,0.10094
44.317,0.10142
44.317,0.10094
44.317,0.10142
44.454,0.10094
44.454,0.10142
44.454,0.10094
44.637,0.10142
44.637,0.1019
44.637,0.10142
44.774,0.10094
44.774,0.10142
44.774,0.10094
44.774,0.10142
44.774,0.10094
44.957,0.10142
44.957,0.10094
44.957,0.10142
45.139,0.10094
45.139,0.10142
45.139,0.10094
45.276,0.10142
45.276,0.10094
45.459,0.10142
45.459,0.10094
45.459,0.10142
45.459,0.10094
45.459,0.10142
45.459,0.10094
45.596,0.10142
45.778,0.10142
45.916,0.10094
45.916,0.10142
45.916,0.10094
46.098,0.10142
46.098,0.10094
46.098,0.10142
46.098,0.10094
46.235,0.10142
46.235,0.10094
46.235,0.10142
46.418,0.10094
46.418,0.10142
46.418,0.10094
46.555,0.10142
46.555,0.10094
46.737,0.10142
46.737,0.10094
46.737,0.10142
46.737,0.10094
46.737,0.10142
46.737,0.10094
46.92,0.10142
46.92,0.10094
46.92,0.10142
46.92,0.10094
46.92,0.10142
46.92,0.10094
47.057,0.10142
47.057,0.10094
47.057,0.10142
47.057,0.10094
47.239,0.10142
47.239,0.10094
47.239,0.10142
47.377,0.10094
47.377,0.10142
47.377,0.10094
47.377,0.10142
47.377,0.10094
47.377,0.10142
47.377,0.10094
47.559,0.10142
47.559,0.10094
47.559,0.10142
47.559,0.10094
47.696,0.10142
47.696,0.10094
47.696,0.10142
47.696,0.10094
47.696,0.10142
47.696,0.10094
47.879,0.10142
47.879,0.10094
47.879,0.10142
47.879,0.10094
47.879,0.10142
48.016,0.10094
48.016,0.10142
48.016,0.10094
48.016,0.10142
48.016,0.10094
48.016,0.10142
48.198,0.10094
48.198,0.10142
48.198,0.10094
48.198,0.10142
48.335,0.10094
48.335,0.10142
48.518,0.10094
48.518,0.10142
48.701,0.10094
48.701,0.10142
48.701,0.10094
48.701,0.10142
48.701,0.10094
48.701,0.10142
48.701,0.10094
48.838,0.10142
48.838,0.10094
48.838,0.10142
48.838,0.10094
48.838,0.10142
49.02,0.10094
49.02,0.10142
49.02,0.10094
49.02,0.10142
49.02,0.10094
49.157,0.10142
49.157,0.10094
49.157,0.10142
49.157,0.10094
49.157,0.10142
49.157,0.10094
49.157,0.10142
49.157,0.10094
49.34,0.10142
49.34,0.10094
49.34,0.10142
49.34,0.10094
49.34,0.10142
49.34,0.10094
49.34,0.10142
49.477,0.10094
49.477,0.10142
49.477,0.10094
49.477,0.10142
49.659,0.10094
49.659,0.10142
49.659,0.10094
49.659,0.10142
49.659,0.10094
49.796,0.10142
49.796,0.10094
49.796,0.10142
49.796,0.10094
49.796,0.10142
49.979,0.10094
50.116,0.10142
50.116,0.10094
50.116,0.10142
50.116,0.10094
50.116,0.10142
50.116,0.10094
50.299,0.10142
50.299,0.10094
50.299,0.10142
50.299,0.10094
50.299,0.10142
50.436,0.10094
50.436,0.10142
50.618,0.10094
50.618,0.10142
50.801,0.10094
50.801,0.10142
50.801,0.10094
50.801,0.10142
50.938,0.10094
50.938,0.10142
50.938,0.10094
51.121,0.10142
51.121,0.10094
51.121,0.10142
51.121,0.10094
51.258,0.10142
51.258,0.10094
51.258,0.10142
51.258,0.10094
51.44,0.10142
51.44,0.10094
51.44,0.10142
51.44,0.10094
51.44,0.10142
51.577,0.10094
51.577,0.10142
51.577,0.10094
51.577,0.10142
51.577,0.10094
51.76,0.10142
51.76,0.10094
51.76,0.10142
51.76,0.10094
51.897,0.10142
52.079,0.10094
52.079,0.10142
52.079,0.10094
52.216,0.10142
52.216,0.10094
52.216,0.10142
52.399,0.10094
52.399,0.10142
52.399,0.10094
52.399,0.10142
52.582,0.10094
52.582,0.10142
52.582,0.10094
52.582,0.10142
52.719,0.10094
52.902,0.10142
53.038,0.10094
53.038,0.10142
53.038,0.10094
53.038,0.10142
53.038,0.10094
53.038,0.10142
53.221,0.10094
53.221,0.10142
53.221,0.10094
53.221,0.10142
53.221,0.10094
53.358,0.10142
53.358,0.10094
53.358,0.10142
53.358,0.1003
53.541,0.10094
53.541,0.10142
53.677,0.10094
53.677,0.10142
53.86,0.10094
53.86,0.10142
53.86,0.10094
53.86,0.10142
53.997,0.10094
53.997,0.10142
53.997,0.10094
53.997,0.10142
54.18,0.10094
54.18,0.10142
54.363,0.10094
54.499,0.10142
54.682,0.10094
54.819,0.10094
55.002,0.10142
55.002,0.10094
55.002,0.10142
55.139,0.10094
55.139,0.10142
55.322,0.10094
55.322,0.10142
55.458,0.10094
55.458,0.10142
55.641,0.10094
55.641,0.10142
55.778,0.10094
55.778,0.10142
55.961,0.10094
55.961,0.10142
56.097,0.10094
56.097,0.10142
56.28,0.10094
56.28,0.10142
56.28,0.10094
56.28,0.10142
56.28,0.10094
56.463,0.10142
56.463,0.1003
56.6,0.10094
56.6,0.1003
56.783,0.10094
56.783,0.10142
56.783,0.10094
56.783,0.10142
56.92,0.10094
56.92,0.10142
56.92,0.10094
57.102,0.10142
57.102,0.1003
57.102,0.10142
57.102,0.10094
57.102,0.10142
57.239,0.10094
57.239,0.10142
57.422,0.10094
57.559,0.1003
57.742,0.10094
57.878,0.1003
57.878,0.10094
57.878,0.1003
58.061,0.10094
58.061,0.10142
58.244,0.10094
58.381,0.1003
58.381,0.10094
58.381,0.1003
58.381,0.10094
58.563,0.10142
58.563,0.10094
58.563,0.10142
58.563,0.10094
58.563,0.10142
58.563,0.10094
58.7,0.10142
58.7,0.10094
58.7,0.10142
58.7,0.10094
58.883,0.10142
58.883,0.10094
58.883,0.10142
59.02,0.10094
59.02,0.1003
59.203,0.10094
59.203,0.1003
59.34,0.10094
59.34,0.10142
59.522,0.10094
59.522,0.1003
59.522,0.10142
59.842,0.1003
60.024,0.10094
60.024,0.10142
60.161,0.10094
60.161,0.10142
60.344,0.10094
60.481,0.10094
60.664,0.10142
60.664,0.1003
60.801,0.10094
60.801,0.1003
60.801,0.10142
60.801,0.10094
60.801,0.10142
60.983,0.10094
60.983,0.10142
61.12,0.10094
61.12,0.10142
61.303,0.10094
61.303,0.10142
61.44,0.10094
61.44,0.1003
61.44,0.10094
61.622,0.1003
61.76,0.10094
61.76,0.10142
61.76,0.10094
61.76,0.10142
61.942,0.10094
62.125,0.1003
62.125,0.10094
62.262,0.1003
62.262,0.10094
62.262,0.1003
62.444,0.10094
62.444,0.1003
62.581,0.10094
62.581,0.10142
62.764,0.10094
62.764,0.10142
62.901,0.10094
63.083,0.10094
