t,ax
4.5001,-0.48493
4.5158,-0.44646
4.5368,-0.44646
4.5526,-0.48493
4.5736,-0.44646
5.9851,-0.44646
6.0218,-0.51378
6.0218,-0.76358
6.0428,-0.89814
6.0428,-1.2824
6.0585,-1.3785
6.0585,-1.7533
6.0795,-1.8205
6.0795,-2.08
6.0953,-2.1761
6.0953,-2.4643
6.1163,-2.5604
6.1163,-2.839
6.1372,-2.9063
6.1372,-3.1273
6.153,-3.1945
6.153,-3.454
6.174,-3.5117
6.174,-3.7711
6.1897,-3.7999
6.1897,-3.9633
6.2107,-3.9921
6.2107,-4.117
6.2264,-4.1554
6.2264,-4.2515
6.2474,-4.2803
6.2474,-4.3092
6.2632,-4.3476
6.2632,-4.4053
6.2842,-4.4437
6.2842,-4.4725
6.2999,-4.5013
6.2999,-4.5398
6.3209,-4.5686
6.3209,-4.5974
6.3576,-4.6647
6.3786,-4.6935
6.4311,-4.7896
6.4678,-4.7896
6.4888,-4.7608
6.5045,-4.7608
6.5255,-4.7224
6.5413,-4.7608
6.62,-4.7608
6.6357,-4.7896
6.6567,-4.7896
6.6725,-4.8185
6.7092,-4.8185
6.7302,-4.7896
6.7459,-4.8185
6.7669,-4.8185
6.7879,-4.7896
6.9926,-4.7896
7.0083,-4.7608
7.1395,-4.7608
7.1552,-4.7896
7.3966,-4.7896
7.4176,-4.7608
7.6957,-4.7608
7.7167,-4.7224
7.8059,-4.7224
7.8269,-4.7608
7.8426,-4.7608
7.8636,-4.7224
8.1994,-4.7224
8.2152,-4.6935
8.2729,-4.6935
8.2939,-4.7224
8.4041,-4.7224
8.4198,-4.6935
8.4408,-4.7224
8.4565,-4.6935
8.8134,-4.6935
8.8291,-4.6647
8.997,-4.6647
9.018,-4.6359
9.3118,-4.6359
9.3328,-4.5974
9.6109,-4.5974
9.6319,-4.5686
9.7579,-4.5686
9.7789,-4.5398
10.151,-4.5398
10.167,-4.5013
10.262,-4.5013
10.283,-4.4725
10.356,-4.4725
10.372,-4.4437
10.43,-4.4437
10.445,-4.4053
10.503,-4.4053
10.524,-4.3764
10.561,-4.3764
10.576,-4.3476
10.613,-4.3476
10.634,-4.3092
10.692,-4.3092
10.708,-4.2803
10.744,-4.2803
10.765,-4.2515
10.802,-4.2515
10.818,-4.2131
10.876,-4.2131
10.896,-4.1842
10.896,-4.0209
10.912,-3.7038
10.912,-2.1376
10.933,-1.9166
10.933,-1.3113
10.949,-1.1863
10.949,-0.73473
10.97,-0.66749
10.97,-0.44646
10.986,-0.38884
11.007,-0.35045
11.007,-0.38884
11.007,-0.25436
11.022,-0.22551
11.022,-0.10057
11.043,-0.12942
11.043,-0.033328
11.059,-0.0044772
11.059,0.13
11.08,0.15885
11.08,0.25494
11.096,0.28379
11.096,0.35103
11.117,0.37981
11.117,0.44712
11.138,0.4759
11.138,0.54322
11.154,0.57199
11.154,0.60084
11.175,0.63931
11.175,0.66808
11.227,0.76417
11.248,0.7354
11.264,0.69693
11.285,0.66808
11.285,0.63931
11.301,0.60084
11.301,0.54322
11.322,0.50475
11.322,0.4759
11.342,0.44712
11.342,0.35103
11.358,0.32218
11.358,0.25494
11.379,0.22609
11.379,0.1877
11.395,0.15885
11.395,0.13
11.432,0.062763
11.453,0.033912
11.468,-0.0044772
11.505,-0.0044772
11.526,-0.033328
11.547,-0.033328
11.563,-0.062178
11.584,-0.062178
11.6,-0.10057
11.621,-0.10057
11.636,-0.12942
11.789,-0.12942
11.804,-0.10057
11.825,-0.10057
11.841,-0.062178
11.862,-0.033328
11.899,-0.033328
11.914,-0.0044772
11.972,-0.0044772
11.993,0.033912
