t,speed
2.994,0.046595
3.0176,23.642
3.1832,23.642
3.2068,23.501
3.4374,23.501
3.4552,23.395
3.6857,23.395
3.7094,23.289
3.94,23.289
3.9577,23.148
4.1883,23.148
4.212,23.042
4.4426,23.042
4.4603,22.936
4.6909,22.936
4.7145,22.794
4.9451,22.794
4.9629,22.688
5.1935,22.688
5.2171,22.583
5.4477,22.583
5.4654,22.441
5.7197,22.441
5.7374,22.335
5.968,22.335
5.9916,22.229
6.0744,22.229
6.0922,22.088
6.1158,22.088
6.1395,21.982
6.1572,21.982
6.1809,21.876
6.1986,21.735
6.2222,21.735
6.24,21.629
6.2637,21.523
6.305,21.276
6.3228,21.276
6.3701,21.064
6.3878,20.922
6.4114,20.816
6.4528,20.569
6.4706,20.569
6.4943,20.463
6.5534,20.11
6.577,20.004
6.5948,19.863
6.6184,19.863
6.642,19.757
6.7012,19.403
6.7249,19.298
6.7426,19.156
6.7662,19.156
6.784,19.05
6.8076,18.944
6.8253,18.803
6.8726,18.591
6.8904,18.45
6.914,18.45
6.9317,18.344
6.9554,18.238
6.9732,18.097
6.9968,17.991
7.0146,17.885
7.0382,17.779
7.0559,17.779
7.0796,17.638
7.1032,17.531
7.1623,17.178
7.186,17.178
7.2452,16.825
7.2688,16.719
7.2865,16.578
7.3102,16.472
7.3279,16.366
7.3516,16.366
7.3929,16.118
7.4166,16.012
7.4343,15.871
7.458,15.765
7.4757,15.659
7.4994,15.659
7.5171,15.518
7.5408,15.412
7.5822,15.165
7.6058,15.059
7.6235,15.059
7.6472,14.953
7.6649,14.812
7.6886,14.706
7.7477,14.352
7.7714,14.352
7.7891,14.246
7.8127,14.14
7.8541,13.893
7.8778,13.787
7.8955,13.646
7.9192,13.646
7.9369,13.54
7.9606,13.434
7.9783,13.293
8.002,13.187
8.0197,13.081
8.0433,13.081
8.0611,12.94
8.1084,12.727
8.1261,12.586
8.1497,12.48
8.1675,12.374
8.1912,12.374
8.2089,12.233
8.2326,12.127
8.2739,11.88
8.2917,11.88
8.339,11.668
8.3567,11.527
8.3803,11.421
8.4218,11.173
8.4395,11.173
8.4631,11.067
8.5223,10.714
8.5459,10.608
8.5696,10.608
8.5873,10.467
8.6109,10.361
8.6287,10.255
8.6524,10.149
8.6701,10.008
8.6937,9.9018
8.7115,9.9018
8.7351,9.7957
8.7529,9.6543
8.7765,9.5485
8.7942,9.4425
8.8179,9.4425
8.8593,9.1953
8.883,9.0892
8.9007,8.9478
8.9243,8.8421
8.9421,8.736
8.9657,8.736
8.9835,8.5949
9.0071,8.4888
9.0485,8.2416
9.0721,8.2416
9.0899,8.1356
9.1135,8.0295
9.1313,7.8884
9.1549,7.7823
9.1963,7.5351
9.214,7.5351
9.2377,7.4291
9.2791,7.1819
9.3027,7.0758
9.3205,7.0758
9.3441,6.9698
9.3619,6.8287
9.3855,6.7226
9.4033,6.6165
9.4269,6.6165
9.486,6.2633
9.5097,6.1575
9.5274,6.0161
9.551,6.0161
9.5747,5.9103
9.6339,5.5571
9.6575,5.451
9.6752,5.451
9.7166,5.2038
9.7403,5.0978
9.758,4.9564
9.7816,4.8506
9.8053,4.8506
9.8644,4.4974
9.8881,4.3913
9.9058,4.3913
9.9472,4.1441
9.9709,4.0381
9.9886,3.8969
10.012,3.8969
10.036,3.7909
10.095,3.4376
10.119,3.4376
10.178,3.0844
10.201,2.9783
10.219,2.8725
10.243,2.8725
10.261,2.7311
10.308,2.5193
10.326,2.3779
10.349,2.3779
10.367,2.2718
10.391,2.1661
10.408,2.0246
10.432,2.0246
10.45,1.9186
10.473,1.8128
10.491,1.6714
10.515,1.5653
10.538,1.5653
10.598,1.2124
10.621,1.2124
10.68,0.85914
10.704,0.75308
10.722,0.75308
10.745,0.61167
10.769,0.5059
10.787,0.39984
10.81,0.39984
10.828,0.25843
10.852,0.15265
10.87,0.046595
10.893,0.046595
10.911,-0.094816
10.994,-0.094816
11.017,-0.20059
11.059,-0.20059
11.082,-0.094816
11.248,-0.094816
11.272,0.046595
12.064,0.046595
