t,kPa
5.9888,7.538
6.0216,57.23
6.0216,106.79
6.0463,173.04
6.0463,388.24
6.079,437.8
6.079,603.31
6.1036,653
6.1036,818.51
6.1364,884.63
6.1364,934.32
6.161,984.01
6.161,1099.8
6.1938,1149.5
6.1938,1215.6
6.2183,1265.3
6.2183,1315
6.2511,1381.2
6.2511,1430.8
6.3085,1546.7
6.3413,1596.3
6.4232,1761.9
6.4806,1761.9
6.5134,1811.4
6.6855,1811.4
6.7183,1877.7
11.857,1877.7
11.882,1811.4
11.915,1811.4
11.939,1877.7
11.997,1877.7
12.029,1811.4
12.202,1811.4
12.234,1877.7
12.292,1877.7
12.316,1811.4
12.636,1811.4
12.669,1877.7
12.874,1877.7
12.898,1811.4
13.947,1811.4
13.972,1877.7
14.701,1877.7
14.726,1927.4
14.816,1927.4
14.849,1976.9
14.931,1976.9
14.964,2043.2
15.341,2043.2
15.365,2092.9
15.455,2092.9
15.488,2142.4
15.57,2142.4
