t,pedal_N
2.9972,-0.15479
5.9314,-0.15479
5.9561,1.4064
5.9561,-0.15479
5.9888,-1.716
5.9888,15.444
6.0216,36.243
6.0216,53.399
6.0463,61.721
6.0463,60.16
6.079,58.599
6.1036,57.042
6.1364,58.599
6.161,60.16
6.1938,61.721
6.5954,61.721
6.6282,60.16
6.661,61.721
6.6855,60.16
6.7183,61.721
6.7429,60.16
6.7757,61.721
6.8002,60.16
6.833,61.721
7.038,61.721
7.0626,60.16
7.0954,61.721
7.1199,60.16
7.1527,61.721
7.2674,61.721
7.292,60.16
7.3248,61.721
7.3576,60.16
7.3822,61.721
7.497,61.721
7.5297,60.16
7.5543,61.721
7.5871,60.16
7.6117,61.721
7.6445,60.16
7.6773,61.721
7.7019,60.16
7.7346,61.721
7.7592,61.721
7.792,60.16
7.8166,61.721
7.874,61.721
7.9067,60.16
7.9314,61.721
7.9641,60.16
7.9888,61.721
8.0215,61.721
8.0543,60.16
8.0789,61.721
8.2264,61.721
8.251,60.16
8.2838,61.721
8.3083,60.16
8.3411,61.721
8.4313,61.721
8.4559,60.16
8.4887,61.721
8.6608,61.721
8.6936,60.16
8.7182,60.16
8.751,61.721
8.8083,61.721
8.8329,60.16
8.8657,61.721
8.9805,61.721
9.0051,60.16
9.0379,61.721
9.0379,60.16
9.0707,61.721
9.128,61.721
9.1526,60.16
9.1854,61.721
9.2099,60.16
9.2427,61.721
9.2673,61.721
9.3001,60.16
9.3247,61.721
9.3575,60.16
9.3902,61.721
9.4476,61.721
9.4723,60.16
9.505,61.721
9.587,61.721
9.6198,60.16
9.6444,61.721
9.7099,61.721
9.7345,63.799
9.7673,61.721
9.8247,61.721
9.8492,60.16
9.882,61.721
9.9968,61.721
10.021,60.16
10.054,60.16
10.087,61.721
10.202,61.721
10.226,60.16
10.259,61.721
10.374,61.721
10.407,60.16
10.431,60.16
10.464,61.721
10.521,61.721
10.546,60.16
10.579,61.721
10.603,60.16
10.636,60.16
10.661,61.721
10.693,60.16
10.726,61.721
10.923,61.721
10.956,60.16
10.98,61.721
11.013,60.16
11.038,60.16
11.07,61.721
11.103,60.16
11.128,61.721
11.161,61.721
11.185,60.16
11.218,61.721
11.243,60.16
11.275,61.721
11.3,61.721
11.333,60.16
11.357,61.721
11.423,61.721
11.448,60.16
11.48,61.721
11.505,61.721
11.538,60.16
11.562,61.721
11.595,61.721
11.62,60.16
11.652,61.721
11.677,60.16
11.71,61.721
11.743,60.16
11.767,61.721
11.8,60.16
11.882,60.16
11.915,61.721
11.939,60.16
11.972,61.721
11.997,60.16
12.029,60.16
12.054,61.721
12.087,60.16
12.12,61.721
12.144,60.16
12.177,60.16
12.202,61.721
12.234,60.16
12.259,61.721
12.292,60.16
12.497,60.16
12.521,61.721
12.554,61.721
12.579,60.16
12.611,61.721
12.636,60.16
12.669,61.721
12.726,61.721
12.759,60.16
12.784,61.721
12.816,60.16
12.988,60.16
13.013,61.721
13.046,61.721
13.07,60.16
13.103,60.16
13.136,61.721
13.161,60.16
13.193,60.16
13.218,61.721
13.251,60.16
13.775,60.16
13.8,61.721
13.833,60.16
13.89,60.16
13.915,61.721
13.947,60.16
13.972,61.721
14.669,61.721
14.701,63.799
14.816,63.799
14.849,65.36
15.308,65.36
15.341,66.921
15.455,66.921
15.488,68.998
15.513,66.921
15.546,68.998
15.57,68.998
