t,yawrate_degs
4.2182,-0.10311
4.2345,-0.52827
4.2468,-0.52827
4.2631,-0.95343
4.2754,-1.5192
4.2918,-1.5192
4.3041,-1.9443
4.3204,-2.3683
4.3327,-2.9352
4.3654,-3.7844
4.3654,-4.3513
4.3777,-4.7764
4.3941,-5.2004
4.3941,-5.6256
4.4063,-6.1925
4.4063,-6.6165
4.4227,-7.0417
4.4227,-7.6085
4.435,-8.0325
4.435,-8.4577
4.4513,-9.0246
4.4513,-9.4486
4.4636,-9.8738
4.4636,-10.865
4.4799,-11.29
4.4799,-11.856
4.4922,-12.281
4.4922,-13.272
4.5086,-13.697
4.5086,-14.688
4.5249,-15.113
4.5249,-15.538
4.5372,-16.104
4.5372,-16.529
4.5536,-16.954
4.5536,-17.52
4.5658,-17.945
4.5658,-18.37
4.5822,-18.936
4.5822,-19.361
4.5945,-19.786
4.6108,-20.21
4.6231,-20.777
4.6395,-21.201
4.6681,-22.193
4.6845,-22.617
4.6967,-23.042
4.754,-23.042
4.7704,-22.617
4.7826,-22.617
4.799,-22.193
4.8113,-21.626
4.8276,-21.201
4.8562,-20.21
4.8726,-19.786
4.8849,-19.361
4.8849,-18.936
4.9135,-17.945
4.9135,-17.52
4.9299,-16.954
4.9299,-16.529
4.9421,-16.104
4.9421,-15.538
4.9585,-15.113
4.9585,-14.122
4.9708,-13.697
4.9708,-13.272
4.9871,-12.706
4.9871,-11.856
4.9994,-11.29
4.9994,-10.439
5.0158,-9.8738
5.0158,-9.0246
5.0321,-8.4577
5.0321,-7.6085
5.0444,-7.0417
5.0444,-5.6256
5.0608,-5.2004
5.0608,-4.3513
5.073,-3.7844
5.073,-2.3683
5.0894,-1.9443
5.0894,-0.95343
5.1017,-0.52827
5.1017,0.88778
5.118,1.3129
5.118,2.729
5.1303,3.2947
5.1303,4.145
5.1467,4.7108
5.1467,6.1268
5.1589,6.552
5.1589,7.968
5.1753,8.3932
5.1753,9.3841
5.1916,9.8081
5.1916,10.8
5.2039,11.224
5.2039,12.216
5.2203,12.64
5.2203,13.632
5.2325,14.056
5.2325,14.481
5.2612,15.472
5.2612,15.897
5.2775,16.463
5.2775,16.888
5.3184,18.304
5.3348,18.73
5.3471,19.295
5.4371,19.295
5.4493,18.73
5.4657,18.73
5.478,18.304
5.4943,17.879
5.5066,17.314
5.523,17.314
5.5393,16.888
5.5802,15.472
5.5966,15.048
5.6088,14.481
5.6252,14.056
5.6252,13.632
5.6375,13.065
5.6539,12.64
5.6661,12.216
5.6661,11.649
5.6988,10.8
5.6988,10.233
5.7111,9.8081
5.7275,9.3841
5.7398,8.9589
5.7398,8.3932
5.7561,7.968
5.7847,6.9771
5.7847,6.552
5.8256,5.1359
5.842,4.7108
5.842,4.145
5.8543,3.7199
5.8706,3.2947
5.887,2.729
5.8993,2.729
5.9156,2.3038
5.9443,2.3038
5.9565,2.729
5.9729,2.729
5.9851,3.2947
6.0015,3.7199
6.0302,4.7108
6.0302,5.1359
6.0465,5.5611
6.0465,6.552
6.0751,7.5429
6.0751,8.3932
6.0874,8.9589
6.0874,9.3841
6.1038,9.8081
6.1038,10.233
6.1161,10.8
6.1161,11.224
6.1324,11.649
6.1324,12.216
6.1447,12.64
6.1447,13.065
6.161,13.632
6.161,14.481
6.1733,15.048
6.1897,15.472
6.1897,15.897
6.206,16.463
6.206,16.888
6.2183,17.314
6.2183,17.879
6.2347,18.304
6.2347,18.73
6.2469,19.295
6.2633,19.72
6.3042,21.137
6.3206,21.562
6.3328,22.127
6.4065,22.127
6.4351,21.137
6.4514,21.137
6.4924,19.72
6.5087,19.295
6.521,18.73
6.5373,18.304
6.5373,17.879
6.566,16.888
6.566,16.463
6.5946,15.472
6.611,15.048
6.611,14.481
6.6232,14.056
6.6232,13.632
6.6519,12.64
6.6682,12.216
6.6682,11.649
6.6805,11.224
6.6969,10.8
6.6969,10.233
6.7132,9.8081
6.7255,9.3841
6.7255,8.9589
6.7418,8.3932
6.7418,7.968
6.7828,6.552
6.7828,6.1268
6.8114,5.1359
6.8114,4.7108
6.84,3.7199
6.84,3.2947
6.8564,2.729
6.8564,2.3038
6.885,1.3129
6.9014,0.88778
6.9014,0.46262
6.9136,-0.10311
6.93,-0.52827
6.93,-0.95343
6.9423,-1.5192
6.9587,-1.9443
6.9995,-3.3604
7.0159,-3.7844
7.0282,-4.3513
7.0609,-5.2004
7.0895,-6.1925
7.1018,-6.1925
7.1181,-6.6165
7.1304,-6.6165
7.1468,-7.0417
7.1754,-7.0417
7.1877,-7.6085
7.204,-7.6085
7.2204,-8.0325
7.2327,-8.0325
7.2491,-8.4577
7.2777,-8.4577
7.2899,-9.0246
7.3063,-9.0246
7.3186,-9.4486
7.3472,-9.4486
7.3636,-9.8738
7.3759,-9.8738
7.3922,-10.439
7.4208,-10.439
7.4372,-10.865
7.4658,-10.865
7.4781,-11.29
7.4944,-11.29
7.5067,-11.856
7.6376,-11.856
7.654,-11.29
7.6663,-11.29
7.6826,-10.865
7.6949,-10.865
7.7112,-10.439
7.7276,-10.439
7.7399,-9.8738
7.7562,-9.8738
7.7685,-9.4486
7.7849,-9.0246
7.7971,-8.4577
7.8135,-8.0325
7.8258,-8.0325
7.8421,-7.6085
7.8544,-7.0417
7.8708,-6.6165
7.8994,-5.6256
7.9158,-5.2004
7.928,-4.7764
7.9444,-4.3513
7.9567,-3.7844
7.973,-3.3604
8.0139,-1.9443
8.0303,-1.9443
8.0426,-1.5192
8.0753,-1.5192
8.0875,-0.95343
8.1734,-0.95343
8.1898,-1.5192
8.2634,-1.5192
8.2757,-1.9443
8.3616,-1.9443
8.378,-2.3683
8.4516,-2.3683
8.4638,-2.9352
8.5497,-2.9352
8.5661,-3.3604
8.8688,-3.3604
8.8852,-2.9352
9.0283,-2.9352
9.0447,-2.3683
9.1878,-2.3683
9.2042,-1.9443
9.2778,-1.9443
9.2901,-1.5192
9.3637,-1.5192
9.376,-0.95343
9.4373,-0.95343
9.4496,-0.52827
9.5805,-0.52827
9.5968,-0.10311
9.7114,-0.10311
9.7236,0.46262
9.7973,0.46262
9.8136,0.88778
9.9854,0.88778
10.002,1.3129
10.145,1.3129
