t,handwheel_deg
3.0682,0.81841
3.2245,-2.3469
3.2245,0.81841
3.2245,-2.3469
3.3419,0.81841
3.7716,0.81841
3.8889,-2.3469
4.0453,0.81841
4.1626,0.81841
4.319,-2.3469
4.436,0.81841
4.8661,0.81841
5.0224,-2.3469
5.1394,0.81841
5.1394,-2.3469
5.2958,0.81841
5.2958,-2.3469
5.4131,0.81841
5.4131,-2.3469
5.4131,0.81841
5.4131,-2.3469
5.4131,0.81841
5.4131,-2.3469
5.5695,0.81841
5.5695,-2.3469
5.6868,0.81841
5.6868,-2.3469
5.6868,0.81841
5.6868,-2.3469
5.6868,0.81841
5.6868,-2.3469
5.8428,0.81841
5.8428,-2.3469
5.8428,0.81841
5.8428,-2.3469
5.9602,0.81841
6.1165,-2.3469
6.2729,0.81841
6.3902,-2.3469
6.3902,0.81841
6.3902,-2.3469
6.3902,0.81841
6.3902,-2.3469
6.5466,0.81841
6.5466,-2.3469
6.6636,0.81841
6.9373,0.81841
7.0936,-2.3469
7.2107,0.81841
7.2107,-2.3469
7.2107,0.81841
7.2107,-2.3469
7.367,0.81841
8.0704,0.81841
8.1878,-2.3469
8.3441,0.81841
9.4382,0.81841
9.5946,5.0303
9.8683,5.0303
9.9856,8.1957
9.9856,5.0303
10.142,8.1957
10.259,8.1957
10.415,11.361
10.533,11.361
10.689,15.573
10.962,15.573
11.119,18.738
11.119,15.573
11.119,18.738
11.119,15.573
11.236,18.738
11.392,18.738
11.509,21.904
11.666,21.904
11.783,26.116
11.783,21.904
11.94,26.116
12.057,26.116
12.213,29.281
12.33,29.281
12.487,32.446
12.487,29.281
12.643,32.446
12.76,32.446
12.917,35.603
12.917,32.446
13.19,39.823
13.464,39.823
13.581,42.989
13.581,39.823
13.737,42.989
13.854,42.989
14.011,46.146
14.011,42.989
14.284,50.366
14.558,50.366
14.714,53.531
14.832,53.531
14.988,56.688
14.988,53.531
15.261,60.909
15.379,56.688
15.379,60.909
15.379,56.688
15.535,60.909
15.652,60.909
15.809,64.074
15.965,64.074
16.082,67.231
16.356,67.231
16.512,71.451
16.629,71.451
16.785,74.617
17.059,74.617
17.176,77.773
17.332,77.773
17.489,81.994
17.763,81.994
17.88,85.151
18.036,85.151
18.153,88.316
18.31,85.151
18.583,92.536
18.857,92.536
18.974,95.693
19.13,95.693
19.287,98.859
19.287,95.693
19.404,98.859
19.56,98.859
19.677,103.08
19.834,103.08
19.951,106.24
20.107,103.08
20.224,106.24
20.381,109.4
20.381,106.24
20.498,109.4
20.655,109.4
20.811,113.62
20.928,113.62
21.084,116.78
21.358,116.78
21.475,119.94
21.475,116.78
21.631,119.94
21.749,119.94
21.905,124.16
22.022,124.16
22.179,127.32
22.335,127.32
22.452,130.49
22.608,127.32
22.882,134.7
22.999,134.7
23.155,137.86
23.273,134.7
23.429,137.86
23.547,141.03
23.547,137.86
23.703,141.03
23.82,141.03
23.976,144.19
23.976,141.03
24.133,144.19
24.25,148.41
24.25,144.19
24.406,148.41
24.523,148.41
24.68,151.57
24.68,148.41
24.797,151.57
24.953,154.73
24.953,151.57
25.227,158.95
25.344,154.73
25.344,158.95
25.344,154.73
25.5,158.95
25.5,162.11
25.657,158.95
25.774,162.11
25.93,162.11
26.047,165.27
26.047,162.11
26.204,165.27
26.321,169.49
26.478,165.27
26.478,169.49
26.478,165.27
26.595,169.49
26.751,172.66
26.751,169.49
26.868,172.66
27.025,172.66
27.181,175.81
27.181,172.66
27.454,180.03
27.454,175.81
27.572,180.03
27.728,180.03
27.845,183.2
27.845,180.03
27.845,183.2
28.002,180.03
28.119,183.2
28.119,186.36
28.119,183.2
28.275,186.36
28.392,186.36
28.549,190.58
28.666,190.58
28.822,193.74
28.978,190.58
29.096,193.74
29.252,196.9
29.252,193.74
29.37,196.9
29.526,196.9
29.643,201.12
29.643,196.9
29.917,204.28
30.19,204.28
30.346,207.44
30.346,204.28
30.503,207.44
30.62,211.66
30.776,207.44
30.894,211.66
31.05,214.82
31.323,214.82
31.441,217.98
31.441,214.82
31.441,217.98
31.441,214.82
31.597,217.98
31.714,222.2
32.027,222.2
32.144,225.36
32.301,228.53
32.418,225.36
32.574,228.53
32.691,228.53
32.848,232.75
32.848,228.53
32.965,232.75
33.121,235.9
33.121,232.75
33.238,235.9
33.395,235.9
33.512,239.07
33.512,235.9
33.668,239.07
33.825,243.29
33.942,239.07
33.942,243.29
33.942,239.07
33.942,243.29
33.942,239.07
34.215,246.45
34.215,243.29
34.372,246.45
34.489,246.45
34.645,249.61
34.645,246.45
34.762,249.61
34.919,252.78
34.919,249.61
35.036,252.78
35.193,252.78
35.349,256.99
35.466,256.99
35.622,260.15
35.896,260.15
36.013,263.32
36.013,260.15
36.169,263.32
36.287,267.53
36.443,267.53
36.56,270.7
36.716,267.53
36.873,270.7
36.99,273.86
37.146,270.7
37.42,278.07
37.537,273.86
37.811,281.24
37.967,281.24
38.084,284.4
38.084,281.24
38.084,284.4
38.084,281.24
38.241,284.4
38.358,284.4
38.514,288.62
38.514,284.4
38.788,291.78
38.788,288.62
38.944,291.78
39.061,294.94
39.218,291.78
39.218,294.94
39.218,291.78
39.491,299.16
39.491,294.94
39.608,299.16
39.765,299.16
39.882,302.32
39.882,299.16
40.195,305.48
40.312,302.32
40.468,305.48
40.468,309.7
40.585,305.48
40.585,309.7
40.585,305.48
40.859,312.87
41.133,312.87
41.289,316.02
41.289,312.87
41.406,316.02
41.563,316.02
41.719,320.24
41.836,320.24
41.992,323.41
42.266,323.41
42.383,326.57
42.539,326.57
42.657,330.79
42.657,326.57
42.813,330.79
42.93,330.79
43.087,333.95
43.087,330.79
43.204,333.95
43.36,337.11
43.634,337.11
43.79,341.33
43.79,337.11
43.907,341.33
44.064,344.5
44.181,341.33
44.337,344.5
44.455,347.65
44.455,344.5
44.455,347.65
44.611,344.5
44.884,351.87
44.884,347.65
45.158,355.03
45.314,351.87
45.431,355.03
45.588,358.19
45.861,358.19
45.978,361.36
45.978,358.19
46.135,361.36
46.252,365.57
46.408,365.57
46.565,368.74
46.838,368.74
46.956,371.9
47.112,371.9
47.229,376.11
47.386,371.9
47.503,376.11
47.659,379.28
47.933,379.28
48.05,382.45
48.206,382.45
48.362,386.66
48.48,382.45
48.753,389.82
48.753,386.66
48.909,389.82
49.027,392.99
49.183,389.82
49.3,392.99
51.254,392.99
