t,ay
5.322,0.0070839
5.3492,0.032781
5.6759,0.032781
5.7031,0.0070839
5.8029,0.0070839
5.8302,0.032781
5.8665,0.0070839
5.93,-0.052807
5.9662,-0.02711
5.9662,0.032781
5.9935,0.058478
5.9935,0.20396
6.0298,0.31517
6.0298,0.65752
6.057,0.803
6.057,1.0598
6.0933,1.1967
6.0933,1.4791
6.1205,1.6246
6.1205,1.8814
6.1568,1.9927
6.1568,2.3606
6.1841,2.4805
6.1841,2.7629
6.2204,2.8999
6.2204,3.1908
6.2476,3.3277
6.2476,3.6444
6.2838,3.7899
6.2838,4.098
6.3201,4.2092
6.3201,4.5859
6.3474,4.6715
6.3474,4.8084
6.3837,4.8683
6.3837,4.9795
6.4109,5.0394
6.4109,5.125
6.4472,5.1764
6.4472,5.262
6.4744,5.2962
6.4744,5.4331
6.5107,5.4674
6.5107,5.553
6.538,5.5787
6.538,5.63
6.5743,5.6642
6.5743,5.6899
6.6377,5.7498
6.7013,5.6899
6.7376,5.6642
6.7376,5.63
6.7648,5.6043
6.7648,5.5787
6.8011,5.553
6.8283,5.5187
6.9282,5.5187
6.9553,5.553
6.9916,5.5187
7.0279,5.5187
7.0552,5.4931
7.1187,5.4931
7.155,5.4674
7.1822,5.4331
7.2185,5.4331
7.2458,5.4075
7.3728,5.4075
7.4091,5.3818
7.4454,5.3475
7.4726,5.3475
7.5089,5.3219
7.5361,5.3475
7.6359,5.3475
7.6631,5.3219
7.763,5.3219
7.7992,5.3475
7.8264,5.3475
7.8628,5.3219
8.0533,5.3219
8.1168,5.262
8.2802,5.262
8.3074,5.2363
8.4344,5.2363
8.4707,5.2106
8.4979,5.2106
8.5342,5.2363
8.6613,5.2363
8.6976,5.2106
8.8881,5.2106
8.9244,5.1764
8.9516,5.2106
8.9879,5.2106
9.0152,5.2363
9.1785,5.2363
9.2057,5.262
9.3418,5.262
9.3691,5.2363
9.5324,5.2363
9.5596,5.262
9.6231,5.262
9.6594,5.2363
9.723,5.2363
9.7593,5.262
9.7864,5.2962
9.8227,5.3219
9.9498,5.3219
10.013,5.3818
10.113,5.3818
10.14,5.4075
10.304,5.4075
10.331,5.3818
10.367,5.3818
10.404,5.4075
10.558,5.4075
10.594,5.3818
10.621,5.3818
10.658,5.4075
10.721,5.4674
10.821,5.4674
10.848,5.4331
10.912,5.4331
10.948,5.4674
10.975,5.4674
11.011,5.4931
11.075,5.4931
11.102,5.4674
11.266,5.4674
11.302,5.4931
11.329,5.4931
11.365,5.5187
11.456,5.5187
11.492,5.4931
11.529,5.4931
11.556,5.4674
11.592,5.4931
11.619,5.4931
11.656,5.5187
11.719,5.5187
11.746,5.4931
11.783,5.4931
11.81,5.4674
11.846,5.4931
11.874,5.4931
11.91,5.5187
11.946,5.553
12.137,5.553
12.164,5.5187
12.227,5.5187
12.264,5.553
12.427,5.553
12.454,5.5187
12.618,5.5187
12.681,5.5787
12.745,5.5787
12.781,5.553
12.999,5.553
13.071,5.6043
13.098,5.6043
13.135,5.5787
13.162,5.553
13.198,5.553
13.226,5.5787
13.262,5.5787
13.289,5.6043
13.325,5.5787
13.353,5.5787
13.389,5.553
13.452,5.553
13.489,5.5787
13.516,5.5787
13.552,5.6043
13.579,5.6043
13.616,5.5787
13.643,5.6043
13.779,5.6043
13.806,5.5787
13.843,5.5787
13.87,5.553
13.97,5.553
13.997,5.5787
14.033,5.6043
14.224,5.6043
14.26,5.63
14.351,5.63
14.387,5.6043
14.414,5.6043
14.45,5.5787
14.514,5.5787
14.55,5.6043
15.222,5.6043
15.249,5.5787
15.285,5.5787
15.322,5.6043
15.449,5.6043
15.476,5.5787
15.539,5.5787
15.576,5.6043
15.866,5.6043
15.893,5.63
15.93,5.63
15.957,5.6043
16.311,5.6043
16.347,5.5787
16.374,5.5787
16.411,5.553
16.447,5.5187
16.474,5.5187
16.538,5.5787
16.601,5.5787
16.637,5.553
16.764,5.553
16.801,5.5787
16.828,5.5787
16.864,5.553
17.018,5.553
17.055,5.5787
17.082,5.5787
17.118,5.553
17.309,5.553
17.372,5.4931
17.436,5.4931
17.472,5.5187
17.536,5.5187
17.572,5.4931
17.635,5.4931
17.663,5.5187
17.763,5.5187
17.79,5.553
17.89,5.553
17.926,5.5187
17.989,5.5187
