t,roll_deg
4.0429,0.12309
4.0711,0.10911
4.1086,0.10911
4.1367,0.090429
4.1743,0.090429
4.2024,0.076417
4.24,0.062443
4.3056,0.062443
4.3431,0.076417
4.3713,0.076417
4.4088,0.090429
4.4369,0.10911
4.4745,0.10911
4.5026,0.12309
4.5402,0.1371
4.5683,0.1371
4.6433,0.10911
4.6433,0.090429
4.6715,0.076417
4.7747,0.076417
4.8685,0.029749
4.9061,0.043761
4.9342,0.062443
4.9717,0.076417
5.0749,0.076417
5.1687,0.12309
5.2063,0.1371
5.2344,0.12309
5.272,0.10911
5.3001,0.12309
5.3658,0.12309
5.4033,0.10911
5.4689,0.076417
5.5346,0.076417
5.5722,0.062443
5.6003,0.043761
5.6379,0.029749
5.666,0.043761
5.7035,0.043761
5.7317,0.062443
5.8724,0.062443
5.9005,0.076417
5.9381,0.076417
6.0319,0.12309
6.0319,0.15578
6.0694,0.16975
6.0976,0.18377
6.0976,0.16975
6.1351,0.15578
6.1351,0.062443
6.1632,0.029749
6.1632,-0.077562
6.2007,-0.14291
6.2007,-0.26424
6.2383,-0.32955
6.2383,-0.53023
6.2664,-0.59088
6.2664,-0.74489
6.304,-0.82422
6.304,-0.97823
6.3321,-1.0576
6.3321,-1.2255
6.3696,-1.3049
6.3696,-1.5662
6.3978,-1.6456
6.3978,-1.7855
6.4353,-1.8602
6.4353,-1.9536
6.4635,-2.0002
6.4635,-2.0796
6.501,-2.0936
6.5291,-2.1122
6.5666,-2.0936
6.5666,-2.0655
6.6042,-2.0469
6.6042,-2.0189
6.6323,-2.0002
6.6323,-1.9722
6.6699,-1.9536
6.6699,-1.9069
6.698,-1.8929
6.7355,-1.8789
6.7355,-1.8602
6.7637,-1.8789
6.7637,-1.9069
6.8012,-1.9255
6.8012,-1.9395
6.8668,-1.9722
6.895,-1.9536
6.895,-1.9255
6.9325,-1.9069
6.9325,-1.8929
6.9701,-1.8789
6.9982,-1.8602
7.0639,-1.8602
7.1014,-1.8462
7.1014,-1.8322
7.1296,-1.8136
7.1671,-1.7995
7.1952,-1.7855
7.2327,-1.7855
7.2609,-1.7995
7.2984,-1.8136
7.3266,-1.8322
7.3641,-1.8462
7.3641,-1.8789
7.4016,-1.8929
7.4016,-1.9069
7.4298,-1.9255
7.4673,-1.9395
7.5611,-1.8929
7.6924,-1.8929
7.73,-1.8789
7.7675,-1.8602
7.7675,-1.8462
7.7957,-1.8322
7.7957,-1.7855
7.8332,-1.7716
7.8332,-1.7389
7.8614,-1.7249
7.8988,-1.7389
7.927,-1.7529
7.927,-1.7716
7.9645,-1.7855
7.9645,-1.7995
7.9927,-1.8136
8.0583,-1.8136
8.0959,-1.8322
8.1334,-1.8462
8.1616,-1.8602
8.1991,-1.8602
8.2272,-1.8789
8.2647,-1.8789
8.2929,-1.8929
8.3305,-1.8929
8.3586,-1.8789
8.3586,-1.8602
8.3962,-1.8462
8.3962,-1.8322
8.4242,-1.8136
8.4242,-1.7995
8.4618,-1.7855
8.6306,-1.7855
8.6588,-1.7995
8.6964,-1.8136
8.7245,-1.8322
8.7245,-1.8462
8.762,-1.8602
8.7902,-1.8462
8.8277,-1.8322
8.8277,-1.7995
8.8559,-1.7855
8.8559,-1.7716
8.8934,-1.7529
8.9309,-1.7389
8.9309,-1.7529
8.959,-1.7716
8.959,-1.7995
8.9966,-1.8136
8.9966,-1.8322
9.0247,-1.8462
9.0623,-1.8462
9.0904,-1.8322
9.1561,-1.8322
9.1936,-1.8462
9.2218,-1.8462
9.2592,-1.8322
9.2968,-1.8136
9.522,-1.8136
9.5595,-1.7995
9.6533,-1.7995
9.6908,-1.8136
9.7565,-1.8462
9.8597,-1.8462
9.9254,-1.8789
9.9254,-1.8929
9.9535,-1.9069
9.9535,-1.9255
9.991,-1.9395
10.019,-1.9395
10.057,-1.9255
10.094,-1.9255
10.122,-1.9069
10.188,-1.9395
10.188,-1.9536
10.254,-1.9862
10.291,-1.9722
10.291,-1.9536
10.319,-1.9395
10.357,-1.9255
10.385,-1.9069
10.423,-1.9069
10.46,-1.9255
10.526,-1.9255
10.554,-1.9069
10.591,-1.8929
10.62,-1.8789
10.657,-1.8789
10.685,-1.8929
10.723,-1.8929
10.751,-1.9069
10.789,-1.8929
10.817,-1.8929
10.854,-1.9069
10.92,-1.9395
10.92,-1.9536
10.985,-1.9862
11.023,-2.0002
11.051,-2.0189
11.117,-2.0189
11.154,-2.0002
11.286,-2.0002
11.323,-1.9862
11.351,-1.9722
11.417,-1.9722
11.455,-1.9536
11.483,-1.9722
11.52,-1.9722
11.548,-1.9862
11.586,-2.0002
11.586,-2.0189
11.624,-2.0329
11.652,-2.0329
11.689,-2.0189
11.689,-2.0002
11.717,-1.9862
11.755,-1.9862
11.783,-2.0002
11.821,-2.0002
11.849,-1.9862
11.886,-1.9722
11.886,-1.9536
11.914,-1.9395
11.952,-1.9255
11.98,-1.9395
11.98,-1.9536
12.017,-1.9722
12.055,-1.9862
12.055,-2.0002
12.083,-1.9862
12.121,-1.9722
12.149,-1.9536
12.186,-1.9536
12.215,-1.9722
12.252,-1.9862
12.28,-1.9862
12.318,-1.9722
12.346,-1.9536
12.383,-1.9722
12.421,-1.9862
12.515,-2.0329
12.58,-2.0329
12.618,-2.0469
12.684,-2.0469
12.712,-2.0329
12.749,-2.0189
12.749,-2.0002
12.787,-1.9862
12.853,-1.9536
12.946,-1.9536
12.984,-1.9722
13.012,-1.9722
13.05,-1.9862
13.181,-1.9862
13.218,-2.0002
13.247,-2.0189
13.284,-2.0002
13.312,-2.0002
13.35,-1.9862
13.444,-2.0329
13.481,-2.0469
13.509,-2.0329
13.547,-2.0189
13.678,-2.0189
13.744,-1.9862
13.809,-1.9862
13.847,-2.0002
13.875,-1.9862
13.913,-1.9722
13.978,-1.9395
13.978,-1.9255
14.016,-1.9069
14.044,-1.9255
14.082,-1.9395
14.147,-1.9395
14.241,-1.9862
14.241,-2.0329
14.279,-2.0469
14.279,-2.0655
14.307,-2.0796
14.344,-2.0936
14.382,-2.0796
14.447,-2.0469
14.476,-2.0655
14.541,-2.0329
14.541,-2.0189
14.579,-2.0002
14.579,-1.9395
14.607,-1.9069
14.607,-1.8789
14.644,-1.8602
14.644,-1.8462
14.673,-1.8322
14.673,-1.8462
14.71,-1.8602
14.71,-1.8929
14.748,-1.9069
14.748,-1.9255
14.776,-1.9395
14.776,-1.9536
14.813,-1.9722
14.841,-1.9536
14.879,-1.9536
14.907,-1.9722
14.945,-1.9862
14.973,-2.0002
14.973,-2.0329
15.01,-2.0469
15.01,-2.0655
15.039,-2.0796
15.076,-2.0655
15.142,-2.0329
15.179,-2.0189
15.207,-2.0002
15.245,-2.0189
15.339,-2.0189
15.404,-1.9862
15.404,-1.9722
15.47,-1.9395
15.545,-1.9395
15.639,-1.8929
15.676,-1.9069
15.676,-1.9395
15.705,-1.9536
15.705,-1.9862
15.742,-2.0002
15.77,-2.0189
15.808,-2.0002
15.808,-1.9862
15.873,-1.9536
15.939,-1.9862
15.977,-2.0002
16.005,-1.9862
16.005,-1.9722
16.042,-1.9536
16.042,-1.9255
16.071,-1.9069
16.108,-1.8929
16.202,-1.9395
16.239,-1.9536
16.277,-1.9395
16.305,-1.9536
16.343,-1.9536
16.371,-1.9722
16.408,-1.9862
16.502,-1.9862
16.54,-1.9722
16.568,-1.9536
16.671,-1.9536
16.708,-1.9722
16.737,-1.9536
16.774,-1.9395
16.84,-1.9069
16.84,-1.8929
16.868,-1.8789
16.905,-1.8789
16.934,-1.8929
16.999,-1.8929
17.037,-1.8789
17.074,-1.8789
17.103,-1.8929
17.14,-1.9069
17.168,-1.9255
17.206,-1.9395
17.271,-1.9395
17.337,-1.9722
17.365,-1.9722
17.44,-2.0002
17.468,-2.0189
17.506,-2.0329
17.534,-2.0469
17.572,-2.0329
17.6,-2.0189
17.6,-1.9862
17.637,-1.9536
17.637,-1.9069
17.665,-1.8789
17.665,-1.8602
17.703,-1.8462
17.731,-1.8322
17.769,-1.8462
17.797,-1.8602
17.834,-1.8462
17.834,-1.8322
17.9,-1.7995
17.938,-1.8136
17.938,-1.8322
17.966,-1.8462
17.966,-1.9069
18.003,-1.9395
