phase,heave,roll,z0,toe0,camber0,z1,toe1,camber1,z2,toe2,camber2,z3,toe3,camber3,x0,y0,spring0,shock0,x1,y1,spring1,shock1,x2,y2,spring2,shock2,x3,y3,spring3,shock3
rest,0,0,0.0993332,1.28183,0.531669,0.0992276,1.28686,0.53328,0.0933577,-0.0722204,0.828565,0.0932376,-0.0725007,0.831241,1.38812,0.79331,0.527431,0.527431,1.38812,-0.793288,0.527486,0.527486,-1.38501,0.802814,0.303,0.50028,-1.385,-0.80282,0.302987,0.500308
heave,1.00017e-05,0,0.0993228,1.28153,0.531715,0.0992172,1.28657,0.533326,0.0933475,-0.0721902,0.82864,0.0932274,-0.0724705,0.831316,1.38812,0.79331,0.527441,0.527441,1.38812,-0.793289,0.527496,0.527496,-1.38501,0.802814,0.303009,0.50029,-1.385,-0.80282,0.302997,0.500318
heave,0.00201034,0,0.0972322,1.38242,0.563283,0.0971266,1.38754,0.564864,0.0915752,-0.0763199,0.867812,0.0914552,-0.0766016,0.870436,1.38811,0.792869,0.528525,0.528525,1.38811,-0.792847,0.528579,0.528579,-1.38482,0.802906,0.304127,0.501492,-1.38481,-0.802912,0.304115,0.50152
heave,0.00401067,0,0.0953848,1.4728,0.590743,0.0952795,1.478,0.592294,0.089944,-0.0801938,0.903108,0.089824,-0.080477,0.905684,1.38811,0.792466,0.529483,0.529483,1.38811,-0.792442,0.529537,0.529537,-1.38465,0.802985,0.305157,0.502599,-1.38463,-0.802991,0.305145,0.502627
heave,0.006011,0,0.093539,1.56482,0.617877,0.0934338,1.5701,0.619398,0.0883144,-0.0840194,0.93778,0.0881946,-0.0843041,0.940308,1.38811,0.792048,0.53044,0.53044,1.38811,-0.792024,0.530494,0.530494,-1.38447,0.803058,0.306188,0.503705,-1.38446,-0.803063,0.306175,0.503733
heave,0.00801134,0,0.0916967,1.65719,0.644111,0.0915917,1.66254,0.645602,0.0866865,-0.0876011,0.971746,0.0865667,-0.0878874,0.974227,1.3881,0.79162,0.531395,0.531395,1.3881,-0.791595,0.531449,0.531449,-1.3843,0.803125,0.307219,0.504811,-1.38428,-0.803129,0.307207,0.504839
heave,0.0100117,0,0.089863,1.75166,0.669975,0.0897582,1.75709,0.671437,0.08506,-0.0918115,1.00532,0.0849402,-0.0920996,1.00775,1.3881,0.791179,0.532345,0.532345,1.3881,-0.791154,0.5324,0.5324,-1.38412,0.803186,0.308251,0.505916,-1.3841,-0.80319,0.308239,0.505944
heave,0.012012,0,0.0880328,1.84705,0.695307,0.0879283,1.85255,0.696739,0.0834352,-0.095731,1.03805,0.0833155,-0.0960209,1.04043,1.38809,0.790726,0.533294,0.533294,1.38809,-0.7907,0.533349,0.533349,-1.38394,0.803241,0.309283,0.507021,-1.38392,-0.803245,0.309271,0.507049
heave,0.0140123,0,0.0862008,1.94393,0.72019,0.0860965,1.94951,0.721592,0.081812,-0.0996572,1.07016,0.0816923,-0.0999491,1.0725,1.38808,0.79026,0.534244,0.534244,1.38808,-0.790233,0.534298,0.534298,-1.38375,0.80329,0.310315,0.508124,-1.38374,-0.803293,0.310303,0.508152
heave,0.0160127,0,0.0843753,2.0434,0.744375,0.0842711,2.04905,0.745746,0.0801905,-0.103696,1.10145,0.0800709,-0.10399,1.10374,1.38807,0.78978,0.535191,0.535191,1.38807,-0.789752,0.535245,0.535245,-1.38357,0.803333,0.311348,0.509227,-1.38356,-0.803336,0.311336,0.509255
heave,0.018013,0,0.082555,2.14196,0.768198,0.082451,2.14769,0.769539,0.0785704,-0.107642,1.13234,0.0784509,-0.107938,1.13459,1.38806,0.78929,0.536135,0.536135,1.38806,-0.789262,0.536189,0.536189,-1.38338,0.80337,0.312382,0.510329,-1.38337,-0.803372,0.312369,0.510357
heave,0.0200133,0,0.080735,2.24396,0.791181,0.0806313,2.24977,0.792491,0.0769519,-0.11169,1.16248,0.0768325,-0.111988,1.16468,1.38805,0.788785,0.537079,0.537079,1.38805,-0.788756,0.537133,0.537133,-1.3832,0.803401,0.313416,0.511431,-1.38318,-0.803403,0.313403,0.511459
heave,0.0220137,0,0.0789221,2.34555,0.814106,0.0788186,2.35144,0.815385,0.0753352,-0.11571,1.19196,0.0752158,-0.116011,1.19411,1.38804,0.78827,0.53802,0.53802,1.38804,-0.78824,0.538073,0.538073,-1.38301,0.803426,0.31445,0.512532,-1.383,-0.803428,0.314438,0.51256
heave,0.024014,0,0.0771074,2.44913,0.836337,0.0770041,2.4551,0.837585,0.0737199,-0.119754,1.2209,0.0736006,-0.120058,1.22301,1.38803,0.787741,0.538961,0.538961,1.38803,-0.787711,0.539014,0.539014,-1.38282,0.803446,0.315484,0.513632,-1.38281,-0.803447,0.315472,0.51366
heave,0.0260143,0,0.0753036,2.55533,0.857762,0.0752005,2.56138,0.858979,0.0721064,-0.123954,1.24904,0.0719871,-0.12426,1.25111,1.38802,0.787199,0.539897,0.539897,1.38802,-0.787168,0.53995,0.53995,-1.38263,0.803459,0.316519,0.514732,-1.38261,-0.80346,0.316507,0.514759
heave,0.0280147,0,0.073497,2.66053,0.879027,0.0733942,2.66667,0.880212,0.0704942,-0.128088,1.27674,0.070375,-0.128397,1.27876,1.388,0.786646,0.540834,0.540834,1.388,-0.786614,0.540887,0.540887,-1.38244,0.803467,0.317555,0.51583,-1.38242,-0.803467,0.317543,0.515858
heave,0.030015,0,0.0716982,2.76893,0.899462,0.0715955,2.77514,0.900615,0.068884,-0.132285,1.3037,0.0687648,-0.132597,1.30567,1.38799,0.786079,0.541768,0.541768,1.38799,-0.786047,0.541821,0.541821,-1.38224,0.803469,0.318591,0.516929,-1.38223,-0.803469,0.318579,0.516957
heave,0.0320153,0,0.0699029,2.87873,0.919367,0.0698005,2.88503,0.920488,0.0672752,-0.136524,1.33005,0.0671561,-0.136839,1.33198,1.38797,0.7855,0.5427,0.5427,1.38797,-0.785467,0.542753,0.542753,-1.38205,0.803465,0.319627,0.518026,-1.38203,-0.803464,0.319615,0.518054
heave,0.0340157,0,0.0681113,2.98934,0.938791,0.0680091,2.99572,0.93988,0.0656683,-0.140766,1.35586,0.0655492,-0.141084,1.35774,1.38796,0.784909,0.54363,0.54363,1.38795,-0.784875,0.543683,0.543683,-1.38185,0.803454,0.320664,0.519124,-1.38183,-0.803453,0.320652,0.519152
heave,0.036016,0,0.0663226,3.10232,0.957529,0.0662206,3.10879,0.958585,0.0640624,-0.145102,1.38094,0.0639435,-0.145423,1.38277,1.38794,0.784304,0.544558,0.544558,1.38794,-0.784269,0.544611,0.544611,-1.38165,0.803439,0.321701,0.520219,-1.38163,-0.803437,0.321689,0.520247
heave,0.0380163,0,0.0645369,3.21628,0.975774,0.0644352,3.22284,0.976797,0.0624585,-0.149453,1.40545,0.0623396,-0.149777,1.40725,1.38792,0.783687,0.545486,0.545486,1.38792,-0.783651,0.545539,0.545539,-1.38145,0.803417,0.322738,0.521315,-1.38143,-0.803415,0.322726,0.521343
heave,0.0400167,0,0.0627547,3.33213,0.99342,0.0626532,3.33877,0.994409,0.0608562,-0.153849,1.42936,0.0607374,-0.154177,1.43111,1.3879,0.783056,0.546412,0.546412,1.3879,-0.78302,0.546464,0.546464,-1.38125,0.803389,0.323776,0.52241,-1.38123,-0.803387,0.323764,0.522437
heave,0.042017,0,0.0609771,3.44954,1.01047,0.0608758,3.45628,1.01143,0.0592555,-0.158283,1.45267,0.0591367,-0.158614,1.45438,1.38788,0.782413,0.547335,0.547335,1.38788,-0.782376,0.547388,0.547388,-1.38104,0.803356,0.324814,0.523504,-1.38103,-0.803353,0.324802,0.523532
heave,0.0440173,0,0.0592009,3.56771,1.02705,0.0590999,3.57453,1.02797,0.0576564,-0.162786,1.47533,0.0575377,-0.163122,1.47699,1.38786,0.781757,0.548258,0.548258,1.38786,-0.78172,0.548311,0.548311,-1.38084,0.803317,0.325852,0.524597,-1.38082,-0.803314,0.325841,0.524625
heave,0.0460177,0,0.0574299,3.68929,1.04279,0.057329,3.69621,1.04368,0.0560589,-0.16728,1.4975,0.0559402,-0.167619,1.49911,1.38784,0.781087,0.549179,0.549179,1.38784,-0.781049,0.549232,0.549232,-1.38063,0.803272,0.326891,0.52569,-1.38062,-0.803268,0.326879,0.525718
heave,0.048018,0,0.0556601,3.8107,1.0582,0.0555595,3.81771,1.05905,0.0544629,-0.171893,1.51895,0.0543443,-0.172236,1.52052,1.38782,0.780405,0.5501,0.5501,1.38782,-0.780366,0.550152,0.550152,-1.38042,0.803221,0.327931,0.526783,-1.38041,-0.803217,0.327919,0.52681
heave,0.0500183,0,0.0538937,3.93435,1.07292,0.0537933,3.94146,1.07374,0.0528685,-0.176541,1.53983,0.05275,-0.176888,1.54136,1.3878,0.77971,0.551018,0.551018,1.3878,-0.77967,0.551071,0.551071,-1.38021,0.803164,0.32897,0.527874,-1.3802,-0.80316,0.328959,0.527902
heave,0.0520187,0,0.052221,4.05394,1.08624,0.0521321,4.06032,1.08693,0.0512755,-0.181215,1.56017,0.0511571,-0.181566,1.56166,1.38778,0.779037,0.551889,0.551889,1.38778,-0.779,0.551935,0.551935,-1.38,0.803102,0.33001,0.528966,-1.37999,-0.803097,0.329999,0.528993
heave,0.054019,0,0.0506589,4.16699,1.0982,0.0505701,4.17346,1.09887,0.0496842,-0.18596,1.57987,0.0495658,-0.186315,1.58131,1.38776,0.778396,0.552702,0.552702,1.38776,-0.77836,0.552748,0.552748,-1.37979,0.803033,0.331051,0.530056,-1.37978,-0.803028,0.331039,0.530084
heave,0.0560193,0,0.0490975,4.28098,1.10977,0.0490089,4.28753,1.11041,0.0480944,-0.190772,1.59893,0.047976,-0.191131,1.60032,1.38773,0.777745,0.553515,0.553515,1.38773,-0.777708,0.553561,0.553561,-1.37958,0.802959,0.332092,0.531146,-1.37956,-0.802953,0.33208,0.531174
heave,0.0580197,0,0.0475386,4.39701,1.12074,0.0474501,4.40364,1.12135,0.0465057,-0.195631,1.61744,0.0463875,-0.195995,1.61879,1.38771,0.777083,0.554327,0.554327,1.38771,-0.777045,0.554373,0.554373,-1.37936,0.802879,0.333133,0.532236,-1.37935,-0.802873,0.333122,0.532263
heave,0.0560098,0,0.049468,4.25439,1.10734,0.0493784,4.26099,1.10799,0.048363,-0.190017,1.59596,0.0482447,-0.190376,1.59737,1.38774,0.777894,0.553313,0.553313,1.38774,-0.777856,0.553359,0.553359,-1.37961,0.802971,0.33191,0.530956,-1.3796,-0.802965,0.331898,0.530983
heave,0.0540096,0,0.051034,4.13999,1.0957,0.0509442,4.14651,1.09638,0.0499485,-0.185242,1.57679,0.0498301,-0.185596,1.57824,1.38776,0.778544,0.552497,0.552497,1.38776,-0.778507,0.552544,0.552544,-1.37982,0.803044,0.330872,0.529869,-1.37981,-0.803039,0.33086,0.529897
heave,0.0520095,0,0.0526057,4.02678,1.08358,0.0525156,4.03323,1.08429,0.0515361,-0.180451,1.557,0.0514177,-0.180801,1.5585,1.38778,0.779185,0.551679,0.551679,1.38778,-0.779149,0.551726,0.551726,-1.38004,0.803111,0.329834,0.528781,-1.38002,-0.803106,0.329822,0.528809
heave,0.0500094,0,0.0543148,3.90524,1.06973,0.0542135,3.91239,1.07056,0.0531259,-0.175832,1.53675,0.0530074,-0.176178,1.53828,1.3878,0.77987,0.55079,0.55079,1.3878,-0.77983,0.550843,0.550843,-1.38025,0.803173,0.328796,0.527692,-1.38023,-0.803168,0.328784,0.52772
heave,0.0480093,0,0.0560917,3.78094,1.05486,0.0559902,3.78799,1.05573,0.0547178,-0.17122,1.51579,0.0545993,-0.171562,1.51737,1.38782,0.780567,0.549866,0.549866,1.38782,-0.780527,0.549919,0.549919,-1.38046,0.803229,0.327758,0.526602,-1.38044,-0.803225,0.327746,0.52663
heave,0.0460091,0,0.0578758,3.65765,1.03937,0.057774,3.66461,1.04027,0.0563114,-0.166646,1.49426,0.0561928,-0.166985,1.49588,1.38785,0.781252,0.548938,0.548938,1.38784,-0.781214,0.548991,0.548991,-1.38066,0.803279,0.326721,0.525511,-1.38065,-0.803275,0.326709,0.525539
heave,0.044009,0,0.0596659,3.53689,1.02314,0.0595638,3.54375,1.02408,0.0579071,-0.162129,1.47211,0.0577884,-0.162464,1.47377,1.38787,0.781924,0.548007,0.548007,1.38787,-0.781886,0.548061,0.548061,-1.38087,0.803323,0.325683,0.52442,-1.38085,-0.80332,0.325671,0.524448
heave,0.0420089,0,0.0614615,3.41694,1.00632,0.0613592,3.42371,1.00729,0.0595047,-0.15765,1.44935,0.0593859,-0.157981,1.45106,1.38789,0.782585,0.547074,0.547074,1.38789,-0.782547,0.547127,0.547127,-1.38107,0.803361,0.324646,0.523327,-1.38106,-0.803358,0.324634,0.523355
heave,0.0400088,0,0.0632618,3.29908,0.988835,0.0631593,3.30576,0.989843,0.0611042,-0.153218,1.426,0.0609853,-0.153546,1.42775,1.38791,0.783231,0.546139,0.546139,1.3879,-0.783195,0.546192,0.546192,-1.38128,0.803394,0.323609,0.522234,-1.38126,-0.803391,0.323597,0.522262
heave,0.0380086,0,0.0650681,3.18228,0.970796,0.0649654,3.18887,0.971838,0.0627054,-0.148835,1.40201,0.0625865,-0.149159,1.40381,1.38792,0.783866,0.545201,0.545201,1.38792,-0.783831,0.545254,0.545254,-1.38148,0.80342,0.322572,0.52114,-1.38146,-0.803419,0.32256,0.521168
heave,0.0360085,0,0.0668788,3.06718,0.95211,0.0667759,3.07368,0.953185,0.0643084,-0.144488,1.37745,0.0641895,-0.144808,1.37929,1.38794,0.784488,0.54426,0.54426,1.38794,-0.784453,0.544314,0.544314,-1.38168,0.803441,0.321535,0.520045,-1.38166,-0.80344,0.321523,0.520073
heave,0.0340084,0,0.0686939,2.95342,0.932897,0.0685908,2.95983,0.934006,0.0659133,-0.140191,1.35222,0.0657943,-0.140509,1.35411,1.38796,0.785097,0.543318,0.543318,1.38796,-0.785063,0.543371,0.543371,-1.38188,0.803456,0.320499,0.518949,-1.38186,-0.803455,0.320487,0.518977
heave,0.0320083,0,0.0705131,2.84111,0.913079,0.0704098,2.84743,0.91422,0.06752,-0.135929,1.32639,0.0674009,-0.136243,1.32832,1.38798,0.785694,0.542373,0.542373,1.38797,-0.78566,0.542427,0.542427,-1.38207,0.803465,0.319463,0.517853,-1.38206,-0.803465,0.319451,0.517881
heave,0.0300081,0,0.0723356,2.73045,0.892689,0.0722321,2.73668,0.893862,0.0691283,-0.131717,1.29993,0.0690092,-0.132028,1.3019,1.38799,0.786277,0.541427,0.541427,1.38799,-0.786244,0.541481,0.541481,-1.38227,0.803469,0.318427,0.516756,-1.38225,-0.803469,0.318415,0.516784
heave,0.028008,0,0.0741621,2.62183,0.871598,0.0740584,2.62797,0.872803,0.0707384,-0.12752,1.27289,0.0706192,-0.127829,1.27492,1.38801,0.786846,0.54048,0.54048,1.38801,-0.786814,0.540533,0.540533,-1.38246,0.803466,0.317391,0.515658,-1.38245,-0.803467,0.317379,0.515686
heave,0.0260079,0,0.0759922,2.51409,0.850119,0.0758883,2.52015,0.851355,0.0723503,-0.123375,1.24518,0.0722311,-0.123681,1.24725,1.38802,0.787403,0.53953,0.53953,1.38802,-0.787372,0.539584,0.539584,-1.38266,0.803458,0.316356,0.514559,-1.38264,-0.803459,0.316344,0.514587
heave,0.0240078,0,0.0778272,2.40806,0.82798,0.0777232,2.41403,0.829248,0.0739639,-0.119246,1.2169,0.0738446,-0.119549,1.21901,1.38803,0.787948,0.538578,0.538578,1.38803,-0.787917,0.538632,0.538632,-1.38285,0.803443,0.315321,0.513459,-1.38283,-0.803445,0.315309,0.513487
heave,0.0220076,0,0.0796634,2.30348,0.805327,0.0795592,2.30937,0.806626,0.0755792,-0.115161,1.18794,0.0754598,-0.115462,1.1901,1.38804,0.788478,0.537626,0.537626,1.38804,-0.788449,0.53768,0.53768,-1.38304,0.803423,0.314287,0.512359,-1.38302,-0.803425,0.314275,0.512387
heave,0.0200075,0,0.0815032,2.20026,0.782124,0.0813989,2.20607,0.783454,0.0771962,-0.111117,1.15833,0.0770768,-0.111415,1.16053,1.38806,0.788996,0.536671,0.536671,1.38805,-0.788967,0.536725,0.536725,-1.38322,0.803397,0.313253,0.511258,-1.38321,-0.803399,0.313241,0.511286
heave,0.0180074,0,0.0833458,2.09856,0.758379,0.0832414,2.10428,0.759738,0.078815,-0.107107,1.12804,0.0786955,-0.107403,1.1303,1.38807,0.789501,0.535716,0.535716,1.38807,-0.789473,0.53577,0.53577,-1.38341,0.803365,0.312219,0.510157,-1.3834,-0.803368,0.312207,0.510185
heave,0.0160073,0,0.0851915,1.99853,0.734066,0.0850869,2.00416,0.735456,0.0804352,-0.103099,1.09721,0.0803157,-0.103393,1.09951,1.38808,0.789992,0.534759,0.534759,1.38807,-0.789965,0.534813,0.534813,-1.3836,0.803327,0.311185,0.509054,-1.38358,-0.80333,0.311173,0.509082
heave,0.0140071,0,0.0870392,1.8997,0.709249,0.0869345,1.90526,0.710668,0.0820574,-0.0990923,1.06565,0.0819378,-0.0993838,1.06799,1.38808,0.790471,0.5338,0.5338,1.38808,-0.790444,0.533855,0.533855,-1.38378,0.803283,0.310153,0.507951,-1.38377,-0.803287,0.31014,0.507979
heave,0.012007,0,0.0888899,1.80248,0.683922,0.088785,1.80795,0.68537,0.0836811,-0.0952237,1.03353,0.0835614,-0.0955132,1.03592,1.38809,0.790936,0.532841,0.532841,1.38809,-0.79091,0.532895,0.532895,-1.38396,0.803233,0.30912,0.506847,-1.38395,-0.803237,0.309108,0.506875
heave,0.0100069,0,0.0907423,1.7063,0.658098,0.0906373,1.7117,0.659576,0.0853066,-0.0913083,1.00058,0.0851869,-0.091596,1.00301,1.3881,0.791389,0.53188,0.53188,1.3881,-0.791363,0.531935,0.531935,-1.38414,0.803177,0.308088,0.505742,-1.38413,-0.803182,0.308075,0.50577
heave,0.00800675,0,0.0925977,1.61195,0.631671,0.0924926,1.61727,0.633178,0.0869336,-0.0873822,0.967159,0.0868138,-0.0876681,0.969646,1.3881,0.791828,0.530918,0.530918,1.3881,-0.791803,0.530973,0.530973,-1.38432,0.803116,0.307056,0.504637,-1.38431,-0.80312,0.307043,0.504665
heave,0.00600663,0,0.0944542,1.51877,0.604837,0.094349,1.524,0.606373,0.0885623,-0.0835354,0.932946,0.0884425,-0.0838197,0.93548,1.38811,0.792254,0.529956,0.529956,1.38811,-0.79223,0.53001,0.53001,-1.3845,0.803048,0.306024,0.503531,-1.38448,-0.803053,0.306012,0.503559
heave,0.0040065,0,0.0963141,1.427,0.577605,0.0962087,1.43215,0.57917,0.0901926,-0.0797498,0.898064,0.0900727,-0.0800326,0.900645,1.38811,0.792666,0.528991,0.528991,1.38811,-0.792643,0.529046,0.529046,-1.38467,0.802974,0.304993,0.502424,-1.38466,-0.80298,0.304981,0.502452
heave,0.00200638,0,0.0981749,1.33655,0.549585,0.0980694,1.34163,0.551177,0.0918248,-0.0758986,0.862519,0.0917048,-0.07618,0.865148,1.38811,0.793067,0.528027,0.528027,1.38811,-0.793045,0.528081,0.528081,-1.38484,0.802894,0.303963,0.501317,-1.38483,-0.8029,0.303951,0.501345
heave,6.25039e-06,0,0.100038,1.24773,0.521182,0.0999322,1.25273,0.522803,0.0934583,-0.0720524,0.826434,0.0933383,-0.0723326,0.829112,1.38812,0.793454,0.527061,0.527061,1.38812,-0.793433,0.527116,0.527116,-1.38502,0.802809,0.302933,0.500209,-1.385,-0.802815,0.30292,0.500237
heave,-0.00199387,0,0.101902,1.16033,0.492284,0.101797,1.16526,0.493933,0.0950933,-0.0681785,0.789778,0.0949732,-0.0684574,0.792503,1.38812,0.793828,0.526094,0.526094,1.38812,-0.793807,0.526149,0.526149,-1.38519,0.802717,0.301903,0.4991,-1.38518,-0.802724,0.301891,0.499128
heave,-0.003994,0,0.103768,1.07401,0.462923,0.103663,1.07886,0.4646,0.0967301,-0.0644109,0.752212,0.09661,-0.0646887,0.754986,1.38812,0.794189,0.525126,0.525126,1.38812,-0.794169,0.525181,0.525181,-1.38536,0.80262,0.300874,0.49799,-1.38535,-0.802627,0.300862,0.498018
heave,-0.00599412,0,0.105636,0.989146,0.43304,0.10553,0.993924,0.434745,0.0983686,-0.0606326,0.714017,0.0982484,-0.0609094,0.71684,1.38811,0.794537,0.524158,0.524158,1.38811,-0.794518,0.524213,0.524213,-1.38553,0.802516,0.299846,0.49688,-1.38551,-0.802524,0.299833,0.496908
heave,-0.00799425,0,0.107505,0.905519,0.402729,0.107399,0.910223,0.404462,0.100009,-0.0568587,0.675154,0.0998884,-0.0571347,0.678026,1.38811,0.794872,0.523189,0.523189,1.38811,-0.794854,0.523244,0.523244,-1.38569,0.802406,0.298818,0.495769,-1.38568,-0.802414,0.298805,0.495797
heave,-0.00999437,0,0.109376,0.823316,0.371923,0.10927,0.827945,0.373683,0.10165,-0.0530855,0.635602,0.10153,-0.0533607,0.638523,1.38811,0.795194,0.522219,0.522219,1.38811,-0.795177,0.522274,0.522274,-1.38586,0.80229,0.29779,0.494657,-1.38584,-0.802299,0.297777,0.494685
heave,-0.0119945,0,0.111248,0.742313,0.340619,0.111141,0.746869,0.342406,0.103294,-0.049339,0.59531,0.103173,-0.0496136,0.598281,1.3881,0.795504,0.521248,0.521248,1.3881,-0.795487,0.521303,0.521303,-1.38602,0.802168,0.296763,0.493545,-1.38601,-0.802177,0.29675,0.493573
heave,-0.0139946,0,0.113121,0.662715,0.308821,0.113015,0.667198,0.310636,0.104938,-0.0455826,0.554339,0.104818,-0.0458567,0.55736,1.3881,0.7958,0.520276,0.520276,1.3881,-0.795784,0.520331,0.520331,-1.38618,0.80204,0.295737,0.492432,-1.38617,-0.80205,0.295724,0.49246
heave,-0.0159947,0,0.114995,0.58436,0.276578,0.114889,0.58877,0.278419,0.106585,-0.0418221,0.512699,0.106464,-0.0420958,0.515769,1.38809,0.796084,0.519304,0.519304,1.38809,-0.796068,0.519359,0.519359,-1.38634,0.801906,0.294711,0.491318,-1.38633,-0.801916,0.294698,0.491346
heave,-0.0179949,0,0.116871,0.507168,0.243877,0.116764,0.511507,0.245746,0.108233,-0.038294,0.469856,0.108113,-0.0385674,0.472977,1.38808,0.796355,0.518331,0.518331,1.38809,-0.79634,0.518386,0.518386,-1.38649,0.801765,0.293685,0.490204,-1.38648,-0.801776,0.293672,0.490232
heave,-0.019995,0,0.118747,0.43144,0.210663,0.118641,0.435708,0.212559,0.109883,-0.0344746,0.426933,0.109762,-0.0347477,0.430105,1.38808,0.796613,0.517357,0.517357,1.38808,-0.796598,0.517413,0.517413,-1.38665,0.801619,0.29266,0.489089,-1.38664,-0.80163,0.292648,0.489117
heave,-0.0219951,0,0.120625,0.357076,0.176935,0.120518,0.361273,0.178858,0.111534,-0.0306549,0.383278,0.111413,-0.030928,0.3865,1.38807,0.796858,0.516383,0.516383,1.38807,-0.796844,0.516438,0.516438,-1.38681,0.801467,0.291636,0.487973,-1.3868,-0.801479,0.291623,0.488001
heave,-0.0239952,0,0.122503,0.283724,0.142873,0.122397,0.287849,0.144823,0.113187,-0.0268669,0.338822,0.113066,-0.02714,0.342096,1.38806,0.79709,0.515408,0.515408,1.38806,-0.797077,0.515463,0.515463,-1.38696,0.801309,0.290612,0.486856,-1.38695,-0.801321,0.2906,0.486884
heave,-0.0259954,0,0.124383,0.211717,0.108229,0.124276,0.215772,0.110206,0.114841,-0.0231296,0.293511,0.11472,-0.0234028,0.296837,1.38804,0.79731,0.514432,0.514432,1.38804,-0.797297,0.514488,0.514488,-1.38711,0.801144,0.289589,0.485739,-1.3871,-0.801156,0.289576,0.485767
heave,-0.0279955,0,0.126263,0.141017,0.0731399,0.126157,0.145003,0.0751439,0.116497,-0.0194338,0.247434,0.116376,-0.0197073,0.250812,1.38803,0.797516,0.513456,0.513456,1.38803,-0.797505,0.513512,0.513512,-1.38726,0.800973,0.288567,0.484621,-1.38725,-0.800986,0.288554,0.484649
heave,-0.0299956,0,0.128144,0.07142,0.0376127,0.128037,0.0753361,0.0396437,0.118154,-0.0156112,0.200799,0.118034,-0.0158851,0.204229,1.38802,0.797711,0.51248,0.51248,1.38802,-0.7977,0.512535,0.512535,-1.38741,0.800796,0.287545,0.483503,-1.3874,-0.800809,0.287532,0.483531
heave,-0.0319957,0,0.130026,0.00319903,0.00157491,0.129919,0.00704597,0.00363282,0.119814,-0.0119446,0.153168,0.119693,-0.012219,0.15665,1.388,0.797892,0.511502,0.511502,1.388,-0.797882,0.511558,0.511558,-1.38755,0.800613,0.286524,0.482383,-1.38754,-0.800626,0.286511,0.482412
heave,-0.0339959,0,0.131908,-0.0638435,-0.0348719,0.131801,-0.0600654,-0.032787,0.121474,-0.00809468,0.105021,0.121353,-0.00836966,0.108555,1.38798,0.798061,0.510525,0.510525,1.38799,-0.798051,0.51058,0.51058,-1.3877,0.800423,0.285503,0.481263,-1.38769,-0.800437,0.28549,0.481291
heave,-0.035996,0,0.133792,-0.129578,-0.0718537,0.133685,-0.125869,-0.0697418,0.123137,-0.00448023,0.0557192,0.123016,-0.00475593,0.0593066,1.38797,0.798217,0.509546,0.509546,1.38797,-0.798208,0.509602,0.509602,-1.38784,0.800227,0.284484,0.480143,-1.38783,-0.800242,0.284471,0.480171
heave,-0.0379961,0,0.135676,-0.194299,-0.109216,0.135569,-0.190657,-0.107077,0.1248,-0.000505846,0.00625459,0.124679,-0.000782347,0.00989564,1.38795,0.79836,0.508567,0.508567,1.38795,-0.798352,0.508623,0.508623,-1.38798,0.800026,0.283464,0.479021,-1.38797,-0.800041,0.283451,0.479049
heave,-0.0399962,0,0.137559,-0.257783,-0.147022,0.137452,-0.254209,-0.144856,0.126466,0.00323619,-0.0442243,0.126345,0.00295876,-0.0405295,1.38793,0.798491,0.507588,0.507588,1.38793,-0.798484,0.507644,0.507644,-1.38812,0.799818,0.282446,0.477899,-1.38811,-0.799833,0.282433,0.477927
heave,-0.0419964,0,0.139444,-0.319861,-0.185472,0.139337,-0.316355,-0.183279,0.128133,0.00707183,-0.0956535,0.128012,0.00679334,-0.0919048,1.38791,0.798609,0.506608,0.506608,1.38791,-0.798603,0.506664,0.506664,-1.38826,0.799603,0.281428,0.476777,-1.38825,-0.799619,0.281415,0.476805
heave,-0.0439965,0,0.141329,-0.380824,-0.224286,0.141222,-0.377386,-0.222066,0.129802,0.0109791,-0.14763,0.129681,0.0106995,-0.143827,1.38789,0.798715,0.505629,0.505629,1.38789,-0.798709,0.505684,0.505684,-1.38839,0.799382,0.280411,0.475653,-1.38838,-0.799399,0.280397,0.475681
heave,-0.0459966,0,0.143215,-0.440726,-0.263524,0.143107,-0.437355,-0.261277,0.131472,0.0149159,-0.200532,0.131351,0.0146351,-0.196674,1.38786,0.798808,0.504648,0.504648,1.38786,-0.798803,0.504704,0.504704,-1.38853,0.799155,0.279394,0.474529,-1.38852,-0.799172,0.279381,0.474557
heave,-0.0479967,0,0.145101,-0.499338,-0.303298,0.144993,-0.496034,-0.301023,0.133144,0.0187914,-0.254041,0.133022,0.0185091,-0.250128,1.38784,0.798888,0.503667,0.503667,1.38784,-0.798884,0.503723,0.503723,-1.38866,0.798922,0.278378,0.473404,-1.38865,-0.798939,0.278365,0.473432
heave,-0.0499969,0,0.146987,-0.556556,-0.343531,0.14688,-0.553319,-0.341229,0.134817,0.0225474,-0.308707,0.134696,0.0222636,-0.304739,1.38781,0.798956,0.502685,0.502685,1.38782,-0.798952,0.502741,0.502741,-1.38879,0.798682,0.277364,0.472279,-1.38878,-0.7987,0.27735,0.472307
heave,-0.051997,0,0.148874,-0.612976,-0.384251,0.148767,-0.609806,-0.381922,0.136492,0.0264816,-0.363935,0.136371,0.0261962,-0.359911,1.38779,0.799011,0.501704,0.501704,1.38779,-0.799009,0.50176,0.50176,-1.38892,0.798436,0.276349,0.471153,-1.38891,-0.798454,0.276336,0.471181
heave,-0.0539971,0,0.150761,-0.667612,-0.425481,0.150653,-0.664509,-0.423124,0.138169,0.0303787,-0.420096,0.138048,0.0300915,-0.416016,1.38776,0.799054,0.500722,0.500722,1.38776,-0.799052,0.500777,0.500777,-1.38904,0.798183,0.275336,0.470025,-1.38903,-0.798202,0.275322,0.470054
heave,-0.0559972,0,0.152648,-0.721316,-0.46716,0.15254,-0.71828,-0.464774,0.139847,0.0344205,-0.476864,0.139726,0.0341315,-0.472728,1.38773,0.799084,0.499739,0.499739,1.38773,-0.799082,0.499795,0.499795,-1.38917,0.797925,0.274323,0.468898,-1.38916,-0.797943,0.27431,0.468926
heave,-0.0579974,0,0.154535,-0.774565,-0.509252,0.154428,-0.771594,-0.506838,0.141527,0.0385157,-0.534404,0.141405,0.0382249,-0.53021,1.3877,0.799102,0.498756,0.498756,1.3877,-0.799101,0.498812,0.498812,-1.38929,0.797659,0.273311,0.467769,-1.38928,-0.797679,0.273298,0.467797
heave,-0.0599975,0,0.156423,-0.826055,-0.551842,0.156316,-0.823151,-0.549401,0.143208,0.0426562,-0.592814,0.143087,0.0423632,-0.588562,1.38767,0.799107,0.497773,0.497773,1.38767,-0.799107,0.497829,0.497829,-1.38941,0.797388,0.2723,0.46664,-1.38941,-0.797408,0.272286,0.466668
heave,-0.0619976,0,0.158311,-0.875963,-0.594921,0.158204,-0.873126,-0.592451,0.144892,0.0464662,-0.652547,0.14477,0.0461711,-0.648238,1.38764,0.799099,0.496789,0.496789,1.38764,-0.7991,0.496845,0.496845,-1.38953,0.797109,0.27129,0.465511,-1.38952,-0.79713,0.271276,0.465539
heave,-0.0639977,0,0.160198,-0.92528,-0.638585,0.160091,-0.922508,-0.636087,0.146577,0.0505955,-0.712691,0.146455,0.0502981,-0.708324,1.38761,0.79908,0.495805,0.495805,1.38761,-0.799081,0.495861,0.495861,-1.38965,0.796824,0.27028,0.46438,-1.38964,-0.796845,0.270266,0.464408
heave,-0.0659979,0,0.162087,-0.973497,-0.682639,0.161979,-0.970792,-0.680112,0.148263,0.0548964,-0.773462,0.148141,0.0545966,-0.769037,1.38757,0.799048,0.494821,0.494821,1.38757,-0.79905,0.494877,0.494877,-1.38977,0.796534,0.269271,0.463248,-1.38976,-0.796555,0.269258,0.463276
heave,-0.067998,0,0.163974,-1.02025,-0.72721,0.163867,-1.01761,-0.724655,0.149951,0.0590934,-0.835354,0.149829,0.0587911,-0.83087,1.38754,0.799003,0.493836,0.493836,1.38754,-0.799006,0.493892,0.493892,-1.38988,0.796236,0.268263,0.462116,-1.38987,-0.796258,0.26825,0.462144
heave,-0.0699981,0,0.165863,-1.06478,-0.772472,0.165755,-1.06221,-0.769888,0.151641,0.0630047,-0.898548,0.151519,0.0626996,-0.894005,1.3875,0.798944,0.492851,0.492851,1.3875,-0.798948,0.492907,0.492907,-1.38999,0.795931,0.267257,0.460984,-1.38998,-0.795953,0.267243,0.461012
heave,-0.0719982,0,0.16775,-1.11021,-0.817896,0.167642,-1.1077,-0.815283,0.153332,0.0675369,-0.961768,0.15321,0.0672292,-0.957165,1.38746,0.798875,0.491866,0.491866,1.38746,-0.79888,0.491923,0.491923,-1.3901,0.795621,0.26625,0.45985,-1.3901,-0.795644,0.266236,0.459878
heave,-0.0739984,0,0.169638,-1.15316,-0.864022,0.16953,-1.15072,-0.86138,0.155025,0.071593,-1.02657,0.154903,0.0712824,-1.02191,1.38742,0.798793,0.490881,0.490881,1.38743,-0.798798,0.490937,0.490937,-1.39021,0.795303,0.265245,0.458716,-1.3902,-0.795326,0.265231,0.458744
heave,-0.0759985,0,0.171525,-1.19537,-0.910589,0.171417,-1.193,-0.907918,0.15672,0.0761049,-1.09177,0.156598,0.0757915,-1.08705,1.38738,0.798698,0.489896,0.489896,1.38739,-0.798704,0.489952,0.489952,-1.39032,0.794979,0.26424,0.457581,-1.39031,-0.795003,0.264226,0.457609
heave,-0.0779986,0,0.173412,-1.23708,-0.957552,0.173304,-1.23477,-0.954851,0.158416,0.0806403,-1.15789,0.158294,0.0803236,-1.15311,1.38734,0.798591,0.48891,0.48891,1.38734,-0.798598,0.488966,0.488966,-1.39042,0.794649,0.263237,0.456445,-1.39042,-0.794673,0.263223,0.456473
heave,-0.0799987,0,0.175297,-1.27682,-1.00514,0.17519,-1.27457,-1.00241,0.160114,0.0850448,-1.22505,0.159993,0.084725,-1.2202,1.3873,0.798471,0.487925,0.487925,1.3873,-0.798479,0.487981,0.487981,-1.39053,0.794312,0.262234,0.455308,-1.39052,-0.794336,0.26222,0.455336
heave,-0.0819989,0,0.177184,-1.31551,-1.05324,0.177076,-1.31333,-1.05048,0.161814,0.0895269,-1.29312,0.161692,0.0892038,-1.28821,1.38725,0.798339,0.486939,0.486939,1.38726,-0.798347,0.486995,0.486995,-1.39063,0.793968,0.261233,0.454171,-1.39062,-0.793993,0.261219,0.454199
heave,-0.083999,0,0.17907,-1.35241,-1.10195,0.178962,-1.3503,-1.09916,0.163516,0.0939255,-1.36232,0.163394,0.0935989,-1.35735,1.38721,0.798194,0.485953,0.485953,1.38721,-0.798203,0.486009,0.486009,-1.39072,0.793617,0.260232,0.453033,-1.39072,-0.793642,0.260218,0.453061
heave,-0.0859991,0,0.180954,-1.38872,-1.15107,0.180846,-1.38668,-1.14825,0.165219,0.0985909,-1.4321,0.165097,0.0982607,-1.42707,1.38716,0.798037,0.484968,0.484968,1.38717,-0.798046,0.485024,0.485024,-1.39082,0.793259,0.259232,0.451894,-1.39081,-0.793285,0.259218,0.451922
heave,-0.0879992,0,0.182837,-1.42404,-1.20065,0.182729,-1.42207,-1.1978,0.166924,0.103263,-1.50288,0.166802,0.102929,-1.49779,1.38712,0.797868,0.483983,0.483983,1.38712,-0.797878,0.484039,0.484039,-1.39092,0.792895,0.258233,0.450754,-1.39091,-0.792921,0.258219,0.450782
heave,-0.0899994,0,0.18472,-1.45768,-1.25088,0.184612,-1.45577,-1.24799,0.168631,0.10787,-1.57487,0.168509,0.107532,-1.56971,1.38707,0.797685,0.482997,0.482997,1.38707,-0.797696,0.483053,0.483053,-1.39101,0.792524,0.257235,0.449613,-1.391,-0.792551,0.257221,0.449641
heave,-0.0919995,0,0.186602,-1.48996,-1.30166,0.186495,-1.48812,-1.29874,0.170339,0.112231,-1.64813,0.170217,0.11189,-1.64291,1.38702,0.79749,0.482012,0.482012,1.38702,-0.797502,0.482068,0.482068,-1.39109,0.792145,0.256239,0.448472,-1.39109,-0.792173,0.256224,0.4485
heave,-0.0939996,0,0.188483,-1.52187,-1.35282,0.188376,-1.5201,-1.34987,0.17205,0.117459,-1.72131,0.171927,0.117113,-1.71602,1.38697,0.797284,0.481027,0.481027,1.38697,-0.797296,0.481083,0.481083,-1.39119,0.791761,0.255243,0.44733,-1.39118,-0.791789,0.255228,0.447358
heave,-0.0959997,0,0.190363,-1.55255,-1.40451,0.190255,-1.55085,-1.40153,0.173762,0.122348,-1.79595,0.17364,0.121999,-1.7906,1.38692,0.797065,0.480042,0.480042,1.38692,-0.797078,0.480099,0.480099,-1.39128,0.79137,0.254248,0.446187,-1.39127,-0.791398,0.254233,0.446215
heave,-0.0979999,0,0.192242,-1.58126,-1.45691,0.192135,-1.57962,-1.4539,0.175476,0.127237,-1.87168,0.175353,0.126883,-1.86626,1.38687,0.796833,0.479057,0.479057,1.38687,-0.796846,0.479114,0.479114,-1.39136,0.790971,0.253254,0.445043,-1.39135,-0.791,0.253239,0.445071
heave,-0.1,0,0.194119,-1.60987,-1.50961,0.194012,-1.6083,-1.50657,0.177191,0.132464,-1.94806,0.177069,0.132106,-1.94258,1.38681,0.796589,0.478073,0.478073,1.38681,-0.796603,0.47813,0.47813,-1.39145,0.790566,0.252261,0.443898,-1.39144,-0.790595,0.252247,0.443926
heave,-0.098,0,0.192054,-1.58008,-1.45199,0.191946,-1.57843,-1.44899,0.175177,0.126362,-1.85936,0.175055,0.126009,-1.85395,1.38687,0.796855,0.479165,0.479165,1.38687,-0.796869,0.479221,0.479221,-1.39135,0.791036,0.253434,0.445249,-1.39134,-0.791065,0.25342,0.445277
heave,-0.096,0,0.190175,-1.55077,-1.39974,0.190067,-1.54905,-1.39677,0.173465,0.121488,-1.78394,0.173343,0.121139,-1.7786,1.38692,0.797086,0.480149,0.480149,1.38692,-0.797099,0.480206,0.480206,-1.39126,0.791433,0.254427,0.446391,-1.39125,-0.791461,0.254413,0.446419
heave,-0.094,0,0.188295,-1.52019,-1.34805,0.188188,-1.51841,-1.34511,0.171755,0.116675,-1.70945,0.171633,0.116331,-1.70417,1.38697,0.797304,0.481135,0.481135,1.38698,-0.797316,0.481191,0.481191,-1.39117,0.791824,0.255421,0.447533,-1.39117,-0.791851,0.255407,0.447561
heave,-0.092,0,0.186414,-1.48853,-1.29688,0.186307,-1.48668,-1.29396,0.170047,0.111915,-1.63593,0.169925,0.111574,-1.63072,1.38702,0.79751,0.482119,0.482119,1.38703,-0.797521,0.482176,0.482176,-1.39109,0.792207,0.256416,0.448674,-1.39108,-0.792234,0.256402,0.448702
heave,-0.09,0,0.184532,-1.45563,-1.24624,0.184425,-1.45371,-1.24336,0.16834,0.107209,-1.56332,0.168218,0.106872,-1.55817,1.38707,0.797703,0.483104,0.483104,1.38708,-0.797714,0.483161,0.483161,-1.39099,0.792583,0.257412,0.449814,-1.39099,-0.79261,0.257398,0.449842
heave,-0.088,0,0.182649,-1.42158,-1.19613,0.182542,-1.4196,-1.19328,0.166636,0.10244,-1.49185,0.166514,0.102107,-1.48677,1.38712,0.797884,0.48409,0.48409,1.38712,-0.797894,0.484146,0.484146,-1.3909,0.792953,0.25841,0.450953,-1.39089,-0.792979,0.258395,0.450981
heave,-0.086,0,0.180766,-1.38629,-1.14655,0.180658,-1.38424,-1.14373,0.164932,0.0977557,-1.42127,0.16481,0.0974263,-1.41625,1.38717,0.798052,0.485075,0.485075,1.38717,-0.798061,0.485131,0.485131,-1.3908,0.793316,0.259408,0.452092,-1.3908,-0.793341,0.259394,0.45212
heave,-0.084,0,0.178881,-1.34997,-1.09746,0.178774,-1.34786,-1.09467,0.16323,0.09333,-1.35129,0.163108,0.0930042,-1.34633,1.38721,0.798208,0.486061,0.486061,1.38722,-0.798217,0.486117,0.486117,-1.39071,0.793672,0.260407,0.45323,-1.3907,-0.793697,0.260393,0.453258
heave,-0.082,0,0.176996,-1.31244,-1.0489,0.176888,-1.31026,-1.04614,0.16153,0.0886713,-1.28272,0.161409,0.0883489,-1.27782,1.38726,0.798352,0.487046,0.487046,1.38726,-0.79836,0.487103,0.487103,-1.39061,0.794021,0.261407,0.454367,-1.3906,-0.794046,0.261393,0.454395
heave,-0.08,0,0.17511,-1.27345,-1.00088,0.175002,-1.2712,-0.99815,0.159832,0.0841159,-1.21496,0.15971,0.0837968,-1.21012,1.3873,0.798483,0.488032,0.488032,1.3873,-0.79849,0.488088,0.488088,-1.39051,0.794364,0.262408,0.455504,-1.3905,-0.794388,0.262394,0.455532
heave,-0.078,0,0.173223,-1.23361,-0.95331,0.173115,-1.23129,-0.950611,0.158135,0.0799274,-1.14764,0.158013,0.0796115,-1.14287,1.38734,0.798602,0.489018,0.489018,1.38735,-0.798608,0.489074,0.489074,-1.39041,0.7947,0.26341,0.456639,-1.3904,-0.794724,0.263396,0.456667
heave,-0.076,0,0.171336,-1.19253,-0.90627,0.171228,-1.19014,-0.903599,0.15644,0.0755035,-1.08158,0.156319,0.0751908,-1.07687,1.38739,0.798708,0.490003,0.490003,1.38739,-0.798713,0.49006,0.49006,-1.3903,0.795029,0.264413,0.457774,-1.39029,-0.795053,0.264399,0.457802
heave,-0.074,0,0.169448,-1.15022,-0.859729,0.16934,-1.14777,-0.857087,0.154747,0.0711042,-1.01649,0.154625,0.0707943,-1.01184,1.38743,0.798801,0.490989,0.490989,1.38743,-0.798806,0.491045,0.491045,-1.39019,0.795352,0.265417,0.458909,-1.39019,-0.795375,0.265403,0.458937
heave,-0.072,0,0.16756,-1.10637,-0.813754,0.167452,-1.10385,-0.811142,0.153055,0.0667488,-0.952252,0.152933,0.0664418,-0.947662,1.38746,0.798882,0.491975,0.491975,1.38747,-0.798886,0.492031,0.492031,-1.39008,0.795668,0.266422,0.460042,-1.39008,-0.795691,0.266408,0.46007
heave,-0.07,0,0.165671,-1.06204,-0.768157,0.165563,-1.05946,-0.765573,0.151365,0.0626313,-0.88859,0.151243,0.062327,-0.884059,1.3875,0.798951,0.49296,0.49296,1.3875,-0.798955,0.493016,0.493016,-1.38998,0.795978,0.267428,0.461175,-1.38997,-0.796,0.267414,0.461203
heave,-0.068,0,0.163782,-1.01618,-0.723112,0.163674,-1.01353,-0.720556,0.149676,0.0584518,-0.825968,0.149555,0.0581501,-0.821496,1.38754,0.799007,0.493946,0.493946,1.38754,-0.79901,0.494002,0.494002,-1.38986,0.796281,0.268435,0.462307,-1.38986,-0.796303,0.268421,0.462335
heave,-0.066,0,0.161893,-0.969229,-0.678539,0.161785,-0.966511,-0.676012,0.147989,0.0542328,-0.764301,0.147868,0.0539336,-0.759889,1.38757,0.799051,0.494931,0.494931,1.38758,-0.799053,0.494987,0.494987,-1.38975,0.796578,0.269442,0.463438,-1.38974,-0.796599,0.269428,0.463466
heave,-0.064,0,0.160003,-0.921097,-0.634253,0.159895,-0.918313,-0.631754,0.146304,0.0502822,-0.703348,0.146182,0.0499854,-0.698994,1.38761,0.799082,0.495916,0.495916,1.38761,-0.799084,0.495972,0.495972,-1.38963,0.796868,0.270451,0.464569,-1.38963,-0.796888,0.270437,0.464597
heave,-0.062,0,0.158114,-0.871558,-0.590905,0.158006,-0.868707,-0.588435,0.14462,0.0459963,-0.643407,0.144499,0.0457018,-0.639111,1.38764,0.799101,0.496901,0.496901,1.38764,-0.799102,0.496957,0.496957,-1.38952,0.797151,0.27146,0.465699,-1.38951,-0.797172,0.271446,0.465727
heave,-0.06,0,0.156224,-0.821356,-0.547763,0.156116,-0.818439,-0.54532,0.142938,0.0420341,-0.584084,0.142817,0.0417419,-0.579846,1.38767,0.799108,0.497886,0.497886,1.38768,-0.799108,0.497942,0.497942,-1.3894,0.797429,0.27247,0.466828,-1.38939,-0.797448,0.272456,0.466856
heave,-0.058,0,0.154334,-0.769361,-0.505256,0.154226,-0.766377,-0.502841,0.141257,0.0378424,-0.525756,0.141136,0.0375521,-0.521575,1.3877,0.799101,0.49887,0.49887,1.38771,-0.7991,0.498926,0.498926,-1.38927,0.797699,0.273481,0.467957,-1.38927,-0.797719,0.273467,0.467985
heave,-0.056,0,0.152445,-0.716406,-0.463071,0.152337,-0.713355,-0.460684,0.139578,0.0338846,-0.468283,0.139457,0.0335962,-0.464159,1.38773,0.799082,0.499854,0.499854,1.38774,-0.79908,0.49991,0.49991,-1.38915,0.797964,0.274492,0.469085,-1.38914,-0.797982,0.274479,0.469113
heave,-0.054,0,0.150557,-0.662697,-0.421438,0.150449,-0.65958,-0.419079,0.137901,0.0298555,-0.41161,0.13778,0.029569,-0.407542,1.38776,0.79905,0.500837,0.500837,1.38776,-0.799048,0.500893,0.500893,-1.38903,0.798221,0.275505,0.470212,-1.38902,-0.79824,0.275491,0.47024
heave,-0.052,0,0.148669,-0.607336,-0.38026,0.148561,-0.604153,-0.37793,0.136225,0.0259955,-0.355589,0.136104,0.0257107,-0.351578,1.38779,0.799006,0.50182,0.50182,1.38779,-0.799004,0.501876,0.501876,-1.3889,0.798473,0.276518,0.471338,-1.38889,-0.798491,0.276504,0.471366
heave,-0.05,0,0.14678,-0.550986,-0.339543,0.146672,-0.547737,-0.337241,0.134551,0.0221948,-0.300502,0.13443,0.0219115,-0.296546,1.38782,0.79895,0.502802,0.502802,1.38782,-0.798946,0.502858,0.502858,-1.38877,0.798718,0.277532,0.472464,-1.38876,-0.798736,0.277518,0.472492
heave,-0.048,0,0.144893,-0.493362,-0.299352,0.144786,-0.490046,-0.297076,0.132878,0.0181687,-0.246192,0.132757,0.017887,-0.242292,1.38784,0.798881,0.503785,0.503785,1.38784,-0.798876,0.503841,0.503841,-1.38864,0.798957,0.278547,0.473589,-1.38863,-0.798974,0.278533,0.473617
heave,-0.046,0,0.143007,-0.434258,-0.259704,0.1429,-0.430875,-0.257457,0.131208,0.0142082,-0.192823,0.131087,0.0139279,-0.188978,1.38787,0.798799,0.504765,0.504765,1.38787,-0.798794,0.504821,0.504821,-1.38851,0.799189,0.279562,0.474713,-1.3885,-0.799205,0.279549,0.474741
heave,-0.044,0,0.141121,-0.374168,-0.220448,0.141013,-0.370717,-0.218228,0.129538,0.0104228,-0.140001,0.129417,0.0101436,-0.136211,1.38789,0.798704,0.505746,0.505746,1.38789,-0.798698,0.505802,0.505802,-1.38837,0.799415,0.280578,0.475837,-1.38836,-0.799431,0.280565,0.475865
heave,-0.042,0,0.139237,-0.31328,-0.181733,0.139129,-0.309762,-0.179541,0.127871,0.00646627,-0.0880914,0.12775,0.00618838,-0.0843556,1.38791,0.798598,0.506726,0.506726,1.38791,-0.798591,0.506781,0.506781,-1.38824,0.799634,0.281595,0.47696,-1.38823,-0.79965,0.281582,0.476988
heave,-0.04,0,0.137352,-0.250792,-0.143405,0.137245,-0.247207,-0.14124,0.126204,0.00273919,-0.0369567,0.126084,0.00246229,-0.0332749,1.38793,0.798478,0.507705,0.507705,1.38793,-0.798471,0.507761,0.507761,-1.3881,0.799848,0.282613,0.478082,-1.38809,-0.799863,0.282599,0.47811
heave,-0.038,0,0.135469,-0.187576,-0.105577,0.135362,-0.183925,-0.10344,0.12454,-0.00103079,0.0135628,0.124419,-0.00130676,0.017191,1.38795,0.798346,0.508684,0.508684,1.38795,-0.798338,0.50874,0.50874,-1.38796,0.800055,0.283631,0.479203,-1.38795,-0.80007,0.283618,0.479231
heave,-0.036,0,0.133588,-0.123102,-0.0682407,0.133481,-0.119384,-0.0661308,0.122877,-0.00481745,0.0632072,0.122756,-0.00509261,0.066782,1.38797,0.798202,0.509661,0.509661,1.38797,-0.798193,0.509717,0.509717,-1.38782,0.800256,0.28465,0.480324,-1.38781,-0.800271,0.284637,0.480352
heave,-0.034,0,0.131709,-0.0570145,-0.0314395,0.131602,-0.0532282,-0.0293572,0.121215,-0.00864439,0.111985,0.121095,-0.00891885,0.115507,1.38799,0.798045,0.510638,0.510638,1.38799,-0.798035,0.510693,0.510693,-1.38768,0.800451,0.28567,0.481444,-1.38767,-0.800465,0.285656,0.481472
heave,-0.032,0,0.12983,0.0109571,0.0047985,0.129723,0.014813,0.00685302,0.119555,-0.0124026,0.160084,0.119435,-0.0126765,0.163553,1.388,0.797874,0.511613,0.511613,1.38801,-0.797864,0.511669,0.511669,-1.38753,0.800639,0.28669,0.482564,-1.38752,-0.800653,0.286677,0.482592
heave,-0.03,0,0.127954,0.0783692,0.0407199,0.127848,0.0822908,0.0427471,0.117897,-0.0161708,0.207543,0.117776,-0.0164442,0.210959,1.38802,0.797693,0.512587,0.512587,1.38802,-0.797682,0.512643,0.512643,-1.38739,0.800822,0.287711,0.483683,-1.38738,-0.800835,0.287698,0.483711
heave,-0.028,0,0.126079,0.148143,0.0761001,0.125972,0.152133,0.0780997,0.11624,-0.0199958,0.253989,0.11612,-0.0202688,0.257353,1.38803,0.797498,0.513561,0.513561,1.38803,-0.797486,0.513617,0.513617,-1.38724,0.800998,0.288732,0.484801,-1.38723,-0.80101,0.288719,0.484829
heave,-0.026,0,0.124204,0.218087,0.111108,0.124098,0.222144,0.11308,0.114585,-0.0236508,0.300066,0.114465,-0.0239235,0.303378,1.38804,0.797291,0.514534,0.514534,1.38805,-0.797279,0.51459,0.51459,-1.38709,0.801168,0.289755,0.485918,-1.38708,-0.80118,0.289742,0.485946
heave,-0.024,0,0.122332,0.29,0.14553,0.122226,0.294127,0.147475,0.112931,-0.0273812,0.345257,0.112811,-0.0276539,0.348518,1.38806,0.797071,0.515506,0.515506,1.38806,-0.797058,0.515561,0.515561,-1.38694,0.801332,0.290777,0.487035,-1.38693,-0.801344,0.290764,0.487063
heave,-0.022,0,0.120462,0.363384,0.179432,0.120356,0.367578,0.181349,0.111279,-0.0311551,0.389605,0.111159,-0.0314277,0.392814,1.38807,0.796839,0.516477,0.516477,1.38807,-0.796825,0.516532,0.516532,-1.38679,0.801489,0.291801,0.488151,-1.38677,-0.801501,0.291788,0.488179
heave,-0.02,0,0.118595,0.437662,0.212875,0.118488,0.441926,0.214764,0.109629,-0.0348951,0.433302,0.109509,-0.0351678,0.436461,1.38808,0.796594,0.517446,0.517446,1.38808,-0.79658,0.517501,0.517501,-1.38663,0.801641,0.292825,0.489266,-1.38662,-0.801652,0.292812,0.489294
heave,-0.018,0,0.116729,0.512472,0.245943,0.116623,0.516803,0.247805,0.10798,-0.0386519,0.476289,0.10786,-0.0389248,0.479397,1.38809,0.796337,0.518413,0.518413,1.38809,-0.796322,0.518469,0.518469,-1.38648,0.801786,0.293849,0.490381,-1.38646,-0.801797,0.293836,0.490409
heave,-0.016,0,0.114865,0.589667,0.278131,0.114759,0.594068,0.279965,0.106333,-0.0424673,0.518704,0.106213,-0.0427405,0.521762,1.38809,0.796067,0.519381,0.519381,1.38809,-0.796051,0.519436,0.519436,-1.38632,0.801926,0.294874,0.491495,-1.38631,-0.801936,0.294861,0.491523
heave,-0.014,0,0.113004,0.667729,0.310349,0.112899,0.672201,0.312155,0.104687,-0.0460982,0.560164,0.104567,-0.0463718,0.563172,1.3881,0.795784,0.520345,0.520345,1.3881,-0.795768,0.5204,0.5204,-1.38616,0.802059,0.2959,0.492608,-1.38615,-0.802068,0.295887,0.492636
heave,-0.012,0,0.111146,0.746529,0.341892,0.11104,0.751069,0.343671,0.103043,-0.0498512,0.601033,0.102923,-0.0501253,0.603991,1.38811,0.79549,0.52131,0.52131,1.38811,-0.795473,0.521365,0.521365,-1.386,0.802186,0.296926,0.493721,-1.38598,-0.802195,0.296914,0.493749
heave,-0.01,0,0.109289,0.827382,0.372837,0.109184,0.831994,0.374588,0.1014,-0.0536135,0.64116,0.10128,-0.0538883,0.644068,1.38811,0.795182,0.522273,0.522273,1.38811,-0.795164,0.522327,0.522327,-1.38583,0.802307,0.297953,0.494833,-1.38582,-0.802315,0.29794,0.494861
heave,-0.008,0,0.107433,0.909248,0.403374,0.107328,0.91393,0.405097,0.0997596,-0.0573876,0.680602,0.0996396,-0.0576631,0.683461,1.38811,0.794862,0.523235,0.523235,1.38811,-0.794843,0.52329,0.52329,-1.38567,0.802422,0.298981,0.495944,-1.38566,-0.80243,0.298968,0.495972
heave,-0.006,0,0.105582,0.991147,0.433551,0.105477,0.9959,0.435245,0.0981201,-0.0611113,0.719438,0.0980002,-0.0613877,0.722248,1.38812,0.79453,0.524195,0.524195,1.38812,-0.794511,0.52425,0.52425,-1.3855,0.802531,0.300008,0.497055,-1.38549,-0.802538,0.299996,0.497082
heave,-0.004,0,0.103732,1.07551,0.463261,0.103627,1.08033,0.464927,0.0964823,-0.0649255,0.757472,0.0963624,-0.0652029,0.760233,1.38812,0.794185,0.525155,0.525155,1.38812,-0.794165,0.525209,0.525209,-1.38534,0.802634,0.301037,0.498165,-1.38532,-0.802641,0.301024,0.498192
heave,-0.002,0,0.101886,1.16136,0.492055,0.101781,1.16625,0.493693,0.0948462,-0.0687293,0.794876,0.0947264,-0.0690077,0.797589,1.38812,0.793827,0.526112,0.526112,1.38812,-0.793807,0.526166,0.526166,-1.38517,0.80273,0.302066,0.499274,-1.38515,-0.802737,0.302053,0.499302
heave,0,0,0.100042,1.24778,0.520635,0.0999375,1.25275,0.522245,0.0932115,-0.0725292,0.831618,0.0930918,-0.0728088,0.834283,1.38812,0.793458,0.527068,0.527068,1.38812,-0.793436,0.527122,0.527122,-1.38499,0.802821,0.303095,0.500382,-1.38498,-0.802828,0.303083,0.50041
roll,0,1.00017e-05,0.100035,1.24808,0.521348,0.0999461,1.25305,0.521812,0.0932053,-0.0725381,0.832404,0.0931016,-0.0728177,0.833922,1.38812,0.793457,0.527069,0.527069,1.38812,-0.793434,0.527111,0.527111,-1.38499,0.802823,0.303095,0.500383,-1.38498,-0.802827,0.303074,0.500401
roll,0,0.00201034,0.0986642,1.31361,0.542283,0.10178,1.16552,0.493631,0.0920212,-0.0753222,0.858562,0.094559,-0.0694384,0.801205,1.38812,0.793173,0.52778,0.52778,1.38812,-0.793804,0.52616,0.52616,-1.38487,0.802885,0.303841,0.501186,-1.38513,-0.802747,0.302156,0.499412
roll,0,0.00401067,0.0972448,1.38211,0.563667,0.103222,1.0988,0.47101,0.0907249,-0.0783379,0.88692,0.0958569,-0.0663927,0.771746,1.38812,0.792872,0.528515,0.528515,1.38812,-0.794084,0.525413,0.525413,-1.38473,0.802949,0.30466,0.502066,-1.38527,-0.802671,0.301339,0.498532
roll,0,0.006011,0.0958279,1.45105,0.584813,0.104665,1.03283,0.448072,0.0894291,-0.0814097,0.91479,0.0971554,-0.0634063,0.741777,1.38811,0.792564,0.52925,0.52925,1.38812,-0.794357,0.524664,0.524664,-1.38459,0.80301,0.305479,0.502946,-1.3854,-0.802592,0.300524,0.497652
roll,0,0.00801134,0.0944127,1.52104,0.60558,0.106109,0.96752,0.424799,0.0881335,-0.084446,0.942254,0.0984542,-0.0603774,0.711397,1.38811,0.792248,0.529984,0.529984,1.38811,-0.794623,0.523915,0.523915,-1.38445,0.803067,0.306298,0.503825,-1.38554,-0.802509,0.299708,0.496772
roll,0,0.0100117,0.0929982,1.59247,0.626041,0.107556,0.902615,0.401373,0.0868386,-0.0875817,0.969302,0.0997538,-0.0574556,0.680564,1.38811,0.791924,0.530717,0.530717,1.38811,-0.794881,0.523165,0.523165,-1.38431,0.80312,0.307119,0.504705,-1.38567,-0.802422,0.298894,0.495892
roll,0,0.012012,0.0915851,1.66293,0.646387,0.109003,0.839412,0.37741,0.0855438,-0.0908277,0.996066,0.101054,-0.0545845,0.649516,1.3881,0.791594,0.53145,0.53145,1.38811,-0.79513,0.522415,0.522415,-1.38417,0.803169,0.307939,0.505584,-1.3858,-0.802332,0.29808,0.495011
roll,0,0.0140123,0.0901748,1.73592,0.666265,0.110454,0.776143,0.353603,0.0842495,-0.0937384,1.02227,0.102354,-0.0514258,0.617779,1.3881,0.791255,0.532181,0.532181,1.38811,-0.795374,0.521662,0.521662,-1.38403,0.803215,0.308761,0.506464,-1.38593,-0.802238,0.297267,0.494131
roll,0,0.0160127,0.0887662,1.80942,0.685747,0.111905,0.713722,0.328968,0.0829555,-0.0969192,1.04813,0.103655,-0.0485269,0.585707,1.38809,0.790909,0.532912,0.532912,1.3881,-0.795609,0.52091,0.52091,-1.38388,0.803257,0.309584,0.507343,-1.38605,-0.802139,0.296454,0.493251
roll,0,0.018013,0.0873568,1.88289,0.705159,0.113357,0.652423,0.304255,0.081662,-0.100034,1.07367,0.104956,-0.0455178,0.553312,1.38809,0.790556,0.533642,0.533642,1.3881,-0.795836,0.520156,0.520156,-1.38374,0.803295,0.310407,0.508223,-1.38618,-0.802038,0.295642,0.49237
roll,0,0.0200133,0.0859495,1.95762,0.724166,0.114812,0.5916,0.279132,0.0803689,-0.103256,1.09867,0.106258,-0.0425798,0.520384,1.38808,0.790195,0.534372,0.534372,1.38809,-0.796056,0.519402,0.519402,-1.38359,0.803329,0.31123,0.509102,-1.38631,-0.801932,0.294831,0.491489
roll,0,0.0220137,0.0845442,2.03407,0.742763,0.116267,0.531328,0.253893,0.0790762,-0.106419,1.12334,0.10756,-0.0396584,0.48696,1.38807,0.789825,0.535101,0.535101,1.38809,-0.796269,0.518647,0.518647,-1.38344,0.80336,0.312055,0.509982,-1.38643,-0.801823,0.29402,0.490609
roll,0,0.024014,0.0831396,2.11009,0.761223,0.117724,0.472333,0.228252,0.0777837,-0.109597,1.14768,0.108863,-0.0366396,0.453329,1.38807,0.789449,0.535829,0.535829,1.38808,-0.796473,0.517891,0.517891,-1.38329,0.803387,0.31288,0.510861,-1.38656,-0.80171,0.29321,0.489728
roll,0,0.0260143,0.0817371,2.18718,0.779347,0.119183,0.413791,0.20231,0.0764916,-0.112827,1.17156,0.110166,-0.0336819,0.419135,1.38806,0.789066,0.536557,0.536557,1.38807,-0.79667,0.517134,0.517134,-1.38314,0.80341,0.313706,0.511741,-1.38668,-0.801593,0.292401,0.488847
roll,0,0.0280147,0.0803363,2.26583,0.797059,0.120641,0.355792,0.17613,0.0751999,-0.116087,1.19499,0.11147,-0.0307847,0.384375,1.38805,0.788674,0.537283,0.537283,1.38807,-0.796859,0.516377,0.516377,-1.38299,0.803429,0.314532,0.51262,-1.3868,-0.801472,0.291592,0.487966
roll,0,0.030015,0.0789364,2.34514,0.81449,0.122102,0.298772,0.149611,0.0739086,-0.119353,1.2181,0.112775,-0.0278262,0.349315,1.38804,0.788274,0.538009,0.538009,1.38806,-0.797041,0.515619,0.515619,-1.38284,0.803445,0.315359,0.5135,-1.38692,-0.801348,0.290784,0.487085
roll,0,0.0320153,0.0775378,2.42504,0.831689,0.123564,0.242274,0.122723,0.0726175,-0.122631,1.24082,0.114079,-0.0248789,0.313794,1.38803,0.787867,0.538735,0.538735,1.38805,-0.797215,0.51486,0.51486,-1.38269,0.803456,0.316187,0.51438,-1.38704,-0.801219,0.289977,0.486203
roll,0,0.0340157,0.0761404,2.50553,0.848562,0.125027,0.186914,0.0956561,0.0713269,-0.125959,1.26312,0.115385,-0.021891,0.277886,1.38802,0.787453,0.53946,0.53946,1.38804,-0.797381,0.514101,0.514101,-1.38254,0.803464,0.317016,0.515259,-1.38716,-0.801087,0.28917,0.485322
roll,0,0.036016,0.0747439,2.5871,0.865112,0.12649,0.13207,0.068326,0.0700365,-0.129285,1.28507,0.116691,-0.0189412,0.241511,1.38801,0.78703,0.540184,0.540184,1.38803,-0.79754,0.513341,0.513341,-1.38238,0.803469,0.317845,0.516139,-1.38728,-0.800951,0.288364,0.48444
roll,0,0.0380163,0.0733492,2.66981,0.88131,0.127956,0.0780168,0.0406131,0.0687465,-0.132662,1.30657,0.117997,-0.0159554,0.204651,1.388,0.7866,0.540908,0.540908,1.38802,-0.797691,0.51258,0.51258,-1.38222,0.803469,0.318675,0.517019,-1.3874,-0.800812,0.287559,0.483559
roll,0,0.0400167,0.0719563,2.75329,0.897223,0.129422,0.0246925,0.0126176,0.0674568,-0.136018,1.32774,0.119304,-0.013004,0.167307,1.38799,0.786162,0.541631,0.541631,1.38801,-0.797834,0.511819,0.511819,-1.38207,0.803466,0.319506,0.517899,-1.38751,-0.800668,0.286754,0.482677
roll,0,0.042017,0.0705642,2.8385,0.91267,0.130888,-0.0282351,-0.0155972,0.0661674,-0.139468,1.34846,0.120612,-0.0101035,0.129449,1.38798,0.785715,0.542354,0.542354,1.38799,-0.79797,0.511057,0.511057,-1.38191,0.803459,0.320337,0.518779,-1.38762,-0.800521,0.28595,0.481795
roll,0,0.0440173,0.0691727,2.92383,0.927935,0.132356,-0.0802749,-0.044154,0.0648782,-0.142912,1.36883,0.12192,-0.00712916,0.0912143,1.38797,0.785261,0.543076,0.543076,1.38798,-0.798098,0.510295,0.510295,-1.38175,0.803448,0.321169,0.519659,-1.38774,-0.80037,0.285147,0.480913
roll,0,0.0460177,0.0677822,3.01014,0.942871,0.133825,-0.131242,-0.0730357,0.0635894,-0.146381,1.38883,0.123229,-0.00407105,0.0526788,1.38795,0.784799,0.543798,0.543798,1.38797,-0.798219,0.509532,0.509532,-1.38159,0.803433,0.322002,0.520539,-1.38785,-0.800215,0.284344,0.48003
roll,0,0.048018,0.0663936,3.09762,0.95744,0.135294,-0.181904,-0.102169,0.0623009,-0.149891,1.40843,0.124538,-0.00111927,0.0135043,1.38794,0.784329,0.544519,0.544519,1.38795,-0.798332,0.508769,0.508769,-1.38143,0.803415,0.322836,0.521419,-1.38796,-0.800056,0.283542,0.479148
roll,0,0.0500183,0.065005,3.18637,0.971658,0.136764,-0.23189,-0.131569,0.0610126,-0.153407,1.42766,0.125849,0.00183035,-0.0261853,1.38793,0.78385,0.54524,0.54524,1.38794,-0.798437,0.508004,0.508004,-1.38127,0.803393,0.32367,0.522299,-1.38807,-0.799894,0.28274,0.478265
roll,0,0.0520187,0.063618,3.27559,0.985593,0.138235,-0.280713,-0.161356,0.0597246,-0.156988,1.44649,0.127159,0.00487028,-0.0661763,1.38791,0.783364,0.54596,0.54596,1.38792,-0.798534,0.50724,0.50724,-1.3811,0.803367,0.324505,0.52318,-1.38818,-0.799728,0.28194,0.477383
roll,0,0.054019,0.0622316,3.3663,0.999076,0.139707,-0.329148,-0.191309,0.0584369,-0.160611,1.46491,0.12847,0.00785795,-0.10676,1.3879,0.782869,0.546681,0.546681,1.3879,-0.798624,0.506475,0.506475,-1.38094,0.803337,0.325341,0.52406,-1.38828,-0.799557,0.28114,0.4765
roll,0,0.0560193,0.0608461,3.45738,1.01243,0.141178,-0.376439,-0.221694,0.0571493,-0.1642,1.48303,0.129782,0.0109757,-0.14757,1.38788,0.782366,0.547401,0.547401,1.38789,-0.798706,0.50571,0.50571,-1.38077,0.803304,0.326178,0.524941,-1.38839,-0.799384,0.28034,0.475617
roll,0,0.0580197,0.0594613,3.54987,1.02532,0.142652,-0.423348,-0.252333,0.055862,-0.16788,1.50071,0.131094,0.0140339,-0.189019,1.38786,0.781855,0.54812,0.54812,1.38787,-0.79878,0.504944,0.504944,-1.38061,0.803266,0.327015,0.525822,-1.3885,-0.799206,0.279541,0.474733
roll,0,0.0560197,0.0610232,3.44528,1.00994,0.14092,-0.366247,-0.215877,0.0571908,-0.164142,1.48152,0.129732,0.0107703,-0.14556,1.38788,0.782425,0.547305,0.547305,1.38789,-0.798693,0.505848,0.505848,-1.38078,0.803303,0.326153,0.524913,-1.38839,-0.79939,0.280369,0.47565
roll,0,0.0540195,0.0623746,3.35637,0.996975,0.139462,-0.319978,-0.185781,0.0584755,-0.160535,1.46346,0.128421,0.00786572,-0.104424,1.3879,0.782915,0.546603,0.546603,1.38791,-0.798612,0.506605,0.506605,-1.38094,0.803337,0.325318,0.524035,-1.38828,-0.799564,0.281168,0.476532
roll,0,0.0520193,0.0637308,3.26811,0.983648,0.138005,-0.272616,-0.156018,0.0597607,-0.156947,1.44502,0.12711,0.00486083,-0.0639711,1.38791,0.783398,0.545898,0.545898,1.38792,-0.798522,0.507363,0.507363,-1.38111,0.803366,0.324484,0.523156,-1.38818,-0.799734,0.281967,0.477414
roll,0,0.0500192,0.0650921,3.1804,0.969979,0.13655,-0.223911,-0.126642,0.0610465,-0.153376,1.42623,0.125801,0.00185675,-0.0239541,1.38792,0.783875,0.545191,0.545191,1.38794,-0.798425,0.50812,0.50812,-1.38127,0.803392,0.32365,0.522277,-1.38807,-0.799901,0.282767,0.478296
roll,0,0.048019,0.0664592,3.0934,0.955861,0.135094,-0.174689,-0.0973412,0.0623328,-0.149848,1.40704,0.124492,-0.00112598,0.015613,1.38794,0.784346,0.544481,0.544481,1.38795,-0.79832,0.508876,0.508876,-1.38143,0.803414,0.322817,0.521398,-1.38796,-0.800063,0.283569,0.479179
roll,0,0.0460188,0.0678297,3.00689,0.94154,0.133643,-0.124621,-0.0689043,0.0636195,-0.14646,1.38735,0.123183,-0.00412249,0.0547735,1.38795,0.784809,0.543769,0.543769,1.38797,-0.798207,0.50963,0.50963,-1.38159,0.803432,0.321985,0.520519,-1.38785,-0.800221,0.28437,0.480061
roll,0,0.0440187,0.0692047,2.92141,0.926738,0.132193,-0.0738354,-0.0399261,0.0649068,-0.142813,1.36746,0.121876,-0.00701495,0.0932249,1.38796,0.785266,0.543055,0.543055,1.38798,-0.798087,0.510383,0.510383,-1.38175,0.803447,0.321153,0.51964,-1.38774,-0.800376,0.285173,0.480942
roll,0,0.0420185,0.0705845,2.83579,0.911808,0.13074,-0.0206615,-0.0122767,0.0661945,-0.139442,1.3471,0.120568,-0.0101537,0.13135,1.38797,0.785718,0.542339,0.542339,1.388,-0.797958,0.511138,0.511138,-1.38191,0.803458,0.320321,0.518761,-1.38762,-0.800527,0.285975,0.481823
roll,0,0.0400183,0.0719682,2.75254,0.89624,0.129291,0.0298494,0.0158233,0.0674828,-0.136025,1.32641,0.119262,-0.0131038,0.169219,1.38799,0.78616,0.541621,0.541621,1.38801,-0.797825,0.511891,0.511891,-1.38207,0.803465,0.319491,0.517882,-1.38751,-0.800674,0.286779,0.482705
roll,0,0.0380182,0.0733564,2.66953,0.880382,0.127844,0.0821864,0.0434873,0.0687714,-0.132617,1.3053,0.117955,-0.0160255,0.206508,1.388,0.786597,0.5409,0.5409,1.38802,-0.797683,0.512642,0.512642,-1.38223,0.803468,0.318661,0.517003,-1.38739,-0.800817,0.287583,0.483586
roll,0,0.036018,0.0747482,2.58668,0.864252,0.126393,0.136772,0.0707318,0.0700606,-0.129279,1.28374,0.11665,-0.0190058,0.243292,1.38801,0.787026,0.540178,0.540178,1.38803,-0.797532,0.513395,0.513395,-1.38238,0.803467,0.317831,0.516123,-1.38728,-0.800956,0.288388,0.484467
roll,0,0.0340178,0.0761431,2.50465,0.847783,0.124947,0.191307,0.0977811,0.0713501,-0.125959,1.2618,0.115345,-0.0219771,0.279627,1.38802,0.787449,0.539454,0.539454,1.38804,-0.797375,0.514146,0.514146,-1.38254,0.803463,0.317003,0.515244,-1.38716,-0.801092,0.289193,0.485348
roll,0,0.0320177,0.0775416,2.42417,0.830884,0.123502,0.245393,0.124723,0.0726401,-0.122622,1.23957,0.11404,-0.0248842,0.315672,1.38803,0.787864,0.538729,0.538729,1.38805,-0.797211,0.514896,0.514896,-1.38269,0.803455,0.316175,0.514365,-1.38704,-0.801224,0.29,0.486229
roll,0,0.0300175,0.0789444,2.34405,0.81363,0.122057,0.300753,0.151169,0.0739306,-0.119366,1.21683,0.112736,-0.0278321,0.351152,1.38804,0.788272,0.538001,0.538001,1.38806,-0.797039,0.515646,0.515646,-1.38284,0.803443,0.315347,0.513486,-1.38692,-0.801352,0.290806,0.48711
roll,0,0.0280173,0.0803491,2.26489,0.796067,0.120617,0.356682,0.177195,0.0752215,-0.116111,1.19382,0.111433,-0.0308725,0.386257,1.38805,0.788673,0.537273,0.537273,1.38807,-0.79686,0.516394,0.516394,-1.38299,0.803427,0.31452,0.512607,-1.3868,-0.801476,0.291614,0.487991
roll,0,0.0260172,0.0817561,2.1855,0.778361,0.119177,0.415516,0.202992,0.076513,-0.112848,1.1702,0.11013,-0.033826,0.420624,1.38806,0.789067,0.536543,0.536543,1.38808,-0.796671,0.517141,0.517141,-1.38314,0.803408,0.313694,0.511727,-1.38668,-0.801597,0.292422,0.488871
roll,0,0.024017,0.083168,2.1082,0.760089,0.117734,0.472253,0.228779,0.0778047,-0.109596,1.14642,0.108827,-0.0367034,0.454958,1.38806,0.789452,0.535811,0.535811,1.38808,-0.796478,0.517889,0.517889,-1.38329,0.803385,0.312868,0.510848,-1.38656,-0.801714,0.293231,0.489752
roll,0,0.0220168,0.0845822,2.03098,0.741574,0.116295,0.531249,0.254032,0.0790969,-0.106412,1.12211,0.107525,-0.0396611,0.488683,1.38807,0.789832,0.535077,0.535077,1.38809,-0.796275,0.518636,0.518636,-1.38344,0.803358,0.312043,0.509968,-1.38643,-0.801827,0.29404,0.490632
roll,0,0.0200167,0.0859993,1.95503,0.72262,0.114856,0.589616,0.2792,0.0803896,-0.103237,1.09746,0.106223,-0.0426018,0.522043,1.38808,0.790202,0.534342,0.534342,1.38809,-0.796067,0.519383,0.519383,-1.38359,0.803327,0.311219,0.509089,-1.38631,-0.801936,0.294851,0.491512
roll,0,0.0180165,0.0874185,1.87905,0.703575,0.113421,0.650934,0.303747,0.0816827,-0.10007,1.07235,0.104922,-0.0455967,0.554844,1.38808,0.790567,0.533606,0.533606,1.3881,-0.795849,0.520127,0.520127,-1.38374,0.803293,0.310395,0.508209,-1.38618,-0.802041,0.295662,0.492392
roll,0,0.0160163,0.0888407,1.80477,0.684004,0.111984,0.710918,0.32832,0.0829763,-0.0969035,1.04691,0.103621,-0.0485411,0.587316,1.38809,0.790924,0.532869,0.532869,1.3881,-0.795625,0.520872,0.520872,-1.38388,0.803255,0.309572,0.507329,-1.38605,-0.802143,0.296473,0.493272
roll,0,0.0140162,0.0902654,1.73056,0.664193,0.110551,0.772784,0.352386,0.0842705,-0.093776,1.02104,0.102322,-0.0515114,0.619363,1.3881,0.791273,0.53213,0.53213,1.38811,-0.795393,0.521616,0.521616,-1.38403,0.803213,0.30875,0.50645,-1.38593,-0.802241,0.297285,0.494152
roll,0,0.012016,0.091692,1.65755,0.644132,0.10912,0.834689,0.37633,0.0855648,-0.0906377,0.994763,0.101022,-0.054459,0.650946,1.3881,0.791615,0.531391,0.531391,1.38811,-0.795154,0.522358,0.522358,-1.38417,0.803167,0.307928,0.50557,-1.3858,-0.802335,0.298098,0.495032
roll,0,0.0100158,0.0931207,1.58531,0.623598,0.107688,0.897497,0.399891,0.0868597,-0.0875575,0.96808,0.0997225,-0.0574638,0.68213,1.3881,0.791949,0.53065,0.53065,1.38811,-0.794908,0.5231,0.5231,-1.38431,0.803118,0.307107,0.504691,-1.38567,-0.802425,0.298912,0.495912
roll,0,0.00801567,0.0945531,1.51363,0.602811,0.106257,0.961484,0.423178,0.088155,-0.0844975,0.941044,0.0984236,-0.0604837,0.712951,1.38811,0.792276,0.529907,0.529907,1.38812,-0.794653,0.523843,0.523843,-1.38445,0.803065,0.306286,0.503811,-1.38553,-0.802512,0.299726,0.496792
roll,0,0.0060155,0.0959861,1.44272,0.581742,0.10483,1.02609,0.44612,0.0894508,-0.0814089,0.913493,0.0971253,-0.0634495,0.743228,1.38811,0.792595,0.529164,0.529164,1.38812,-0.794392,0.524583,0.524583,-1.38459,0.803008,0.305467,0.502931,-1.3854,-0.802595,0.300541,0.497672
roll,0,0.00401533,0.0974219,1.37297,0.560315,0.103403,1.09077,0.468899,0.0907471,-0.0783414,0.885623,0.0958274,-0.066442,0.773183,1.38811,0.792906,0.52842,0.52842,1.38812,-0.794123,0.525323,0.525323,-1.38473,0.802947,0.304647,0.502051,-1.38527,-0.802674,0.301356,0.498552
roll,0,0.00201517,0.0988599,1.30347,0.538609,0.101976,1.1574,0.491234,0.0920439,-0.0753274,0.857224,0.0945299,-0.0694801,0.802622,1.38811,0.793211,0.527674,0.527674,1.38812,-0.793846,0.526062,0.526062,-1.38487,0.802882,0.303829,0.501172,-1.38513,-0.802749,0.302172,0.499431
roll,0,1.50013e-05,0.100298,1.23529,0.516582,0.100552,1.22351,0.513433,0.0933409,-0.0722507,0.828607,0.0932328,-0.072466,0.831806,1.38812,0.793507,0.526929,0.526929,1.38812,-0.793562,0.526801,0.526801,-1.38501,0.802814,0.303011,0.500292,-1.385,-0.802821,0.302989,0.500311
roll,0,-0.00198517,0.101741,1.16747,0.494193,0.0991284,1.29122,0.535249,0.0946385,-0.0692174,0.799483,0.0919361,-0.075487,0.860504,1.38812,0.793796,0.52618,0.52618,1.38812,-0.79327,0.527539,0.527539,-1.38514,0.802742,0.302194,0.499412,-1.38486,-0.802889,0.303807,0.501191
roll,0,-0.00398533,0.103184,1.1007,0.471576,0.0977061,1.35929,0.556815,0.0959365,-0.066201,0.769954,0.0906398,-0.0785362,0.888785,1.38812,0.794077,0.525432,0.525432,1.38811,-0.792971,0.528276,0.528276,-1.38528,0.802667,0.301377,0.498531,-1.38472,-0.802953,0.304625,0.50207
roll,0,-0.0059855,0.104629,1.03436,0.448642,0.0962869,1.42849,0.578006,0.0972351,-0.0632385,0.739914,0.0893441,-0.0816362,0.916583,1.38812,0.794351,0.524683,0.524683,1.38811,-0.792665,0.529012,0.529012,-1.38541,0.802587,0.300561,0.497651,-1.38458,-0.803014,0.305444,0.50295
roll,0,-0.00798567,0.106076,0.968997,0.425303,0.0948669,1.49833,0.598998,0.0985341,-0.060194,0.709552,0.0880486,-0.0846509,0.944068,1.38811,0.794617,0.523932,0.523932,1.38811,-0.792351,0.529748,0.529748,-1.38554,0.802504,0.299746,0.496771,-1.38444,-0.80307,0.306264,0.503829
roll,0,-0.00998583,0.107525,0.904128,0.401858,0.0934487,1.56962,0.619559,0.0998337,-0.0572654,0.678673,0.0867537,-0.087777,0.971083,1.38811,0.794876,0.523181,0.523181,1.38811,-0.792028,0.530484,0.530484,-1.38567,0.802417,0.298931,0.495891,-1.3843,-0.803123,0.307084,0.504709
roll,0,-0.011986,0.108976,0.840591,0.378304,0.0920315,1.64041,0.639961,0.101134,-0.0542232,0.647514,0.085459,-0.0908278,0.997771,1.38811,0.795126,0.522429,0.522429,1.3881,-0.7917,0.531218,0.531218,-1.38581,0.802326,0.298118,0.495011,-1.38416,-0.803172,0.307905,0.505588
roll,0,-0.0139862,0.110427,0.777319,0.353809,0.0906163,1.71297,0.660032,0.102434,-0.0512916,0.615844,0.0841648,-0.0939891,1.024,1.38811,0.795369,0.521676,0.521676,1.3881,-0.791362,0.531952,0.531952,-1.38593,0.802232,0.297304,0.49413,-1.38402,-0.803218,0.308727,0.506468
roll,0,-0.0159863,0.11188,0.715032,0.329254,0.0892018,1.78603,0.679842,0.103735,-0.0483088,0.583806,0.0828709,-0.0970977,1.04988,1.3881,0.795605,0.520923,0.520923,1.38809,-0.791018,0.532686,0.532686,-1.38606,0.802133,0.296492,0.49325,-1.38387,-0.803259,0.309549,0.507347
roll,0,-0.0179865,0.113335,0.653016,0.304638,0.0877892,1.86061,0.69918,0.105037,-0.0454088,0.551146,0.0815776,-0.100275,1.07524,1.3881,0.795833,0.520168,0.520168,1.38809,-0.790665,0.533418,0.533418,-1.38619,0.802031,0.29568,0.492369,-1.38373,-0.803297,0.310372,0.508227
roll,0,-0.0199867,0.114791,0.592352,0.279561,0.0863778,1.93502,0.718376,0.106338,-0.0423925,0.518331,0.0802844,-0.103428,1.10033,1.38809,0.796053,0.519413,0.519413,1.38808,-0.790305,0.53415,0.53415,-1.38632,0.801926,0.294868,0.491488,-1.38358,-0.803331,0.311196,0.509106
roll,0,-0.0219868,0.116248,0.53239,0.254196,0.084967,2.01049,0.737267,0.107641,-0.03944,0.484964,0.0789917,-0.106615,1.12498,1.38809,0.796265,0.518657,0.518657,1.38808,-0.789938,0.534882,0.534882,-1.38644,0.801816,0.294058,0.490608,-1.38343,-0.803362,0.31202,0.509986
roll,0,-0.023987,0.117706,0.473007,0.228552,0.0835583,2.087,0.755801,0.108943,-0.0364501,0.451242,0.0776993,-0.109812,1.14925,1.38808,0.796471,0.5179,0.5179,1.38807,-0.789563,0.535612,0.535612,-1.38657,0.801703,0.293248,0.489727,-1.38328,-0.803388,0.312845,0.510865
roll,0,-0.0259872,0.119167,0.414204,0.202609,0.0821494,2.16455,0.774033,0.110247,-0.0335521,0.416986,0.0764073,-0.113068,1.17311,1.38807,0.796668,0.517142,0.517142,1.38806,-0.789179,0.536343,0.536343,-1.38669,0.801585,0.292438,0.488846,-1.38313,-0.803411,0.313671,0.511745
roll,0,-0.0279873,0.120627,0.356353,0.176396,0.0807434,2.2429,0.791939,0.111551,-0.0306137,0.382189,0.0751156,-0.116296,1.19652,1.38807,0.796857,0.516384,0.516384,1.38805,-0.788789,0.537072,0.537072,-1.38681,0.801464,0.29163,0.487965,-1.38298,-0.80343,0.314498,0.512624
roll,0,-0.0299875,0.12209,0.299238,0.14984,0.0793375,2.32197,0.80958,0.112855,-0.0276392,0.347144,0.0738243,-0.11957,1.21959,1.38806,0.797039,0.515625,0.515625,1.38804,-0.78839,0.537801,0.537801,-1.38693,0.80134,0.290822,0.487083,-1.38283,-0.803445,0.315325,0.513504
roll,0,-0.0319877,0.123553,0.24289,0.123032,0.0779324,2.40188,0.826906,0.11416,-0.0246762,0.311599,0.0725334,-0.122857,1.24227,1.38805,0.797214,0.514866,0.514866,1.38803,-0.787983,0.53853,0.53853,-1.38705,0.801211,0.290014,0.486202,-1.38268,-0.803457,0.316153,0.514384
roll,0,-0.0339878,0.125018,0.187388,0.0958603,0.0765285,2.4826,0.843958,0.115466,-0.021705,0.275648,0.0712426,-0.126167,1.26457,1.38804,0.79738,0.514106,0.514106,1.38802,-0.787569,0.539258,0.539258,-1.38717,0.801079,0.289208,0.485321,-1.38253,-0.803465,0.316981,0.515263
roll,0,-0.035988,0.126483,0.132194,0.0684747,0.0751266,2.565,0.860562,0.116772,-0.0188057,0.239102,0.0699524,-0.129515,1.28644,1.38803,0.797539,0.513345,0.513345,1.38802,-0.787146,0.539986,0.539986,-1.38728,0.800943,0.288402,0.484439,-1.38237,-0.803469,0.317811,0.516143
roll,0,-0.0379882,0.127949,0.078187,0.0407332,0.073725,2.64752,0.876984,0.118078,-0.0157792,0.202329,0.0686624,-0.132874,1.30797,1.38802,0.79769,0.512584,0.512584,1.388,-0.786716,0.540713,0.540713,-1.3874,0.800803,0.287596,0.483557,-1.38221,-0.803469,0.318641,0.517023
roll,0,-0.0399883,0.129416,0.0246857,0.012694,0.0723242,2.73121,0.893069,0.119386,-0.0127954,0.164979,0.0673726,-0.136273,1.32905,1.38801,0.797834,0.511822,0.511822,1.38799,-0.786278,0.54144,0.54144,-1.38752,0.800659,0.286791,0.482675,-1.38206,-0.803466,0.319471,0.517903
roll,0,-0.0419885,0.130885,-0.0279935,-0.0156026,0.0709243,2.81596,0.908828,0.120693,-0.00985599,0.127205,0.0660833,-0.139639,1.34987,1.38799,0.79797,0.511059,0.511059,1.38798,-0.785832,0.542167,0.542167,-1.38763,0.800512,0.285987,0.481793,-1.3819,-0.803458,0.320303,0.518783
roll,0,-0.0439887,0.132354,-0.0800365,-0.0442926,0.0695256,2.90185,0.924194,0.122002,-0.00687348,0.0889909,0.0647942,-0.143188,1.37012,1.38798,0.798098,0.510296,0.510296,1.38797,-0.785377,0.542893,0.542893,-1.38774,0.800361,0.285184,0.480911,-1.38174,-0.803447,0.321135,0.519663
roll,0,-0.0459888,0.133823,-0.131268,-0.0730955,0.0681277,2.98827,0.939296,0.12331,-0.00387468,0.0502808,0.0635054,-0.146618,1.39011,1.38797,0.798219,0.509532,0.509532,1.38796,-0.784915,0.543618,0.543618,-1.38786,0.800206,0.284381,0.480029,-1.38158,-0.803432,0.321968,0.520543
roll,0,-0.047989,0.135294,-0.1819,-0.10216,0.0667308,3.0763,0.953931,0.12462,-0.000948829,0.0110141,0.0622168,-0.15011,1.4097,1.38795,0.798332,0.508768,0.508768,1.38794,-0.784444,0.544344,0.544344,-1.38797,0.800046,0.283579,0.479146,-1.38142,-0.803414,0.322801,0.521423
roll,0,-0.0499892,0.136765,-0.231576,-0.131651,0.0653347,3.16477,0.968368,0.12593,0.00209357,-0.0285209,0.0609286,-0.153653,1.42889,1.38794,0.798437,0.508004,0.508004,1.38793,-0.783965,0.545069,0.545069,-1.38808,0.799884,0.282778,0.478264,-1.38126,-0.803391,0.323636,0.522303
roll,0,-0.0519893,0.138238,-0.280639,-0.161432,0.0639389,3.25492,0.982375,0.127241,0.00492324,-0.0689183,0.0596405,-0.157218,1.44771,1.38792,0.798534,0.507238,0.507238,1.38791,-0.783477,0.545794,0.545794,-1.38818,0.799717,0.281977,0.477381,-1.38109,-0.803365,0.324471,0.523184
roll,0,-0.0539895,0.13971,-0.329123,-0.191459,0.0625441,3.34556,0.996143,0.128552,0.00808017,-0.109218,0.0583527,-0.160818,1.46614,1.3879,0.798624,0.506473,0.506473,1.3879,-0.782981,0.546518,0.546518,-1.38829,0.799547,0.281177,0.476498,-1.38093,-0.803335,0.325307,0.524064
roll,0,-0.0559897,0.141183,-0.376691,-0.221817,0.0611498,3.43727,1.00956,0.129863,0.0111263,-0.1502,0.0570652,-0.164455,1.48419,1.38789,0.798706,0.505707,0.505707,1.38788,-0.782477,0.547243,0.547243,-1.3884,0.799373,0.280377,0.475615,-1.38076,-0.803301,0.326144,0.524945
roll,0,-0.0579898,0.142658,-0.423671,-0.25246,0.0597563,3.53042,1.02256,0.131176,0.0140939,-0.191812,0.0557778,-0.168118,1.50187,1.38787,0.798781,0.50494,0.50494,1.38787,-0.781964,0.547967,0.547967,-1.3885,0.799194,0.279579,0.474732,-1.3806,-0.803264,0.326981,0.525826
roll,0,-0.05999,0.144132,-0.470211,-0.283409,0.0583636,3.62495,1.03517,0.132489,0.0168982,-0.234193,0.0544905,-0.171827,1.51921,1.38785,0.798848,0.504173,0.504173,1.38785,-0.781442,0.548691,0.548691,-1.3886,0.799012,0.27878,0.473848,-1.38043,-0.803222,0.327819,0.526707
roll,0,-0.0579897,0.142386,-0.414147,-0.246171,0.0599355,3.51831,1.02008,0.131124,0.0141122,-0.189378,0.0558223,-0.168029,1.50033,1.38787,0.79877,0.505086,0.505086,1.38787,-0.782025,0.54787,0.54787,-1.3885,0.799202,0.279608,0.474766,-1.3806,-0.803263,0.326954,0.525796
roll,0,-0.0559893,0.140926,-0.368208,-0.215803,0.0612704,3.42959,1.00754,0.129813,0.0111166,-0.147854,0.0571064,-0.164382,1.48269,1.38789,0.798695,0.505845,0.505845,1.38788,-0.782515,0.547176,0.547176,-1.3884,0.79938,0.280407,0.475648,-1.38077,-0.803301,0.326119,0.524918
roll,0,-0.053989,0.139467,-0.319296,-0.185985,0.0626107,3.34077,0.994688,0.128502,0.00793873,-0.107138,0.058391,-0.160758,1.46468,1.38791,0.798611,0.506603,0.506603,1.3879,-0.783,0.54648,0.54648,-1.38829,0.799554,0.281206,0.476531,-1.38093,-0.803334,0.325284,0.524039
roll,0,-0.0519887,0.138012,-0.273318,-0.156211,0.0639575,3.25369,0.981386,0.127191,0.00500231,-0.0663737,0.0596762,-0.157195,1.44628,1.38792,0.798523,0.507359,0.507359,1.38791,-0.783478,0.54578,0.54578,-1.38818,0.799724,0.282005,0.477413,-1.38109,-0.803364,0.32445,0.52316
roll,0,-0.0499883,0.136555,-0.223948,-0.126796,0.0653105,3.16644,0.967773,0.125882,0.00207302,-0.0263026,0.0609619,-0.153608,1.42749,1.38794,0.798425,0.508117,0.508117,1.38793,-0.783951,0.545077,0.545077,-1.38808,0.79989,0.282805,0.478296,-1.38126,-0.80339,0.323616,0.522281
roll,0,-0.047988,0.1351,-0.174324,-0.0977712,0.0666682,3.07987,0.953857,0.124573,-0.00100381,0.0131437,0.0622481,-0.15005,1.40835,1.38796,0.79832,0.508873,0.508873,1.38794,-0.784417,0.544372,0.544372,-1.38796,0.800053,0.283606,0.479178,-1.38142,-0.803413,0.322783,0.521402
roll,0,-0.0459877,0.133649,-0.124831,-0.0689136,0.0680312,2.99437,0.939461,0.123264,-0.00397943,0.0522754,0.0635349,-0.146548,1.38879,1.38797,0.798208,0.509627,0.509627,1.38795,-0.784877,0.543665,0.543665,-1.38785,0.800212,0.284408,0.48006,-1.38158,-0.803431,0.321951,0.520523
roll,0,-0.0439873,0.132197,-0.0738019,-0.0404177,0.0693988,2.90942,0.92471,0.121956,-0.00693994,0.0909659,0.0648221,-0.143104,1.36882,1.38798,0.798087,0.510381,0.510381,1.38797,-0.78533,0.542955,0.542955,-1.38774,0.800366,0.28521,0.480941,-1.38174,-0.803446,0.321119,0.519644
roll,0,-0.041987,0.130744,-0.0220208,-0.0121953,0.0707718,2.82498,0.909611,0.120649,-0.00991728,0.129159,0.0661098,-0.139719,1.34842,1.388,0.797959,0.511136,0.511136,1.38798,-0.785777,0.542242,0.542242,-1.38763,0.800518,0.286013,0.481823,-1.3819,-0.803457,0.320287,0.518765
roll,0,-0.0399867,0.129295,0.0290636,0.015895,0.0721487,2.74188,0.89403,0.119342,-0.0128115,0.167022,0.0673981,-0.13643,1.32757,1.38801,0.797825,0.511888,0.511888,1.38799,-0.786217,0.541527,0.541527,-1.38752,0.800665,0.286817,0.482704,-1.38206,-0.803464,0.319457,0.517886
roll,0,-0.0379863,0.127846,0.0822661,0.0434123,0.0735302,2.65914,0.878413,0.118035,-0.0157923,0.204331,0.0686867,-0.132838,1.30671,1.38802,0.797683,0.512641,0.512641,1.388,-0.786651,0.54081,0.54081,-1.3874,0.800809,0.287621,0.483586,-1.38222,-0.803468,0.318627,0.517007
roll,0,-0.035986,0.126396,0.135773,0.0708403,0.0749156,2.57699,0.862264,0.11673,-0.0188252,0.241044,0.0699759,-0.129492,1.28517,1.38803,0.797533,0.513394,0.513394,1.38801,-0.787077,0.540091,0.540091,-1.38728,0.800948,0.288426,0.484467,-1.38237,-0.803467,0.317797,0.516128
roll,0,-0.0339857,0.124952,0.190282,0.0976452,0.0763044,2.49565,0.845801,0.115424,-0.0217554,0.27754,0.0712654,-0.126218,1.26325,1.38804,0.797376,0.514143,0.514143,1.38802,-0.787497,0.539371,0.539371,-1.38717,0.801084,0.289232,0.485348,-1.38253,-0.803463,0.316968,0.515249
roll,0,-0.0319853,0.123506,0.245375,0.124549,0.0776975,2.41512,0.828998,0.11412,-0.0246864,0.31351,0.0725554,-0.122849,1.24102,1.38805,0.797211,0.514894,0.514894,1.38803,-0.78791,0.538648,0.538648,-1.38705,0.801216,0.290038,0.486229,-1.38268,-0.803456,0.31614,0.514369
roll,0,-0.029985,0.122061,0.30127,0.151012,0.0790937,2.33525,0.811854,0.112816,-0.027668,0.348966,0.073846,-0.119552,1.21835,1.38806,0.797039,0.515644,0.515644,1.38804,-0.788315,0.537924,0.537924,-1.38693,0.801344,0.290845,0.48711,-1.38283,-0.803444,0.315313,0.51349
roll,0,-0.0279847,0.120618,0.357751,0.177221,0.0804942,2.25628,0.794338,0.111512,-0.0306358,0.384019,0.075137,-0.116285,1.19528,1.38807,0.796859,0.516393,0.516393,1.38805,-0.788714,0.537197,0.537197,-1.38681,0.801469,0.291652,0.48799,-1.38298,-0.803429,0.314486,0.512611
roll,0,-0.0259843,0.119179,0.414208,0.203483,0.0818965,2.17831,0.776523,0.110209,-0.0334435,0.418613,0.0764283,-0.11288,1.17188,1.38807,0.796673,0.51714,0.51714,1.38806,-0.789105,0.53647,0.53647,-1.38669,0.801589,0.292461,0.488871,-1.38314,-0.803409,0.313659,0.511731
roll,0,-0.023984,0.117738,0.471655,0.228986,0.0833031,2.101,0.758329,0.108906,-0.0364465,0.452909,0.0777201,-0.109757,1.148,1.38808,0.796479,0.517887,0.517887,1.38807,-0.789489,0.535741,0.535741,-1.38656,0.801707,0.29327,0.489752,-1.38329,-0.803386,0.312834,0.510852
roll,0,-0.0219837,0.1163,0.530672,0.254003,0.0847122,2.02396,0.73978,0.107604,-0.0394937,0.486669,0.0790125,-0.106764,1.12357,1.38809,0.796276,0.518634,0.518634,1.38807,-0.789865,0.53501,0.53501,-1.38644,0.80182,0.294079,0.490632,-1.38343,-0.80336,0.312009,0.509973
roll,0,-0.0199833,0.114859,0.590923,0.278982,0.0861253,1.9477,0.721064,0.106302,-0.0424856,0.519897,0.0803052,-0.103437,1.09903,1.3881,0.796066,0.519381,0.519381,1.38808,-0.790236,0.534277,0.534277,-1.38631,0.801929,0.294889,0.491512,-1.38358,-0.803329,0.311184,0.509093
roll,0,-0.017983,0.113422,0.650627,0.303751,0.0875406,1.87265,0.701894,0.105001,-0.0454076,0.552888,0.0815984,-0.10027,1.07402,1.3881,0.795849,0.520127,0.520127,1.38809,-0.790598,0.533543,0.533543,-1.38619,0.802035,0.2957,0.492393,-1.38373,-0.803295,0.310361,0.508213
roll,0,-0.0159827,0.111988,0.710305,0.328329,0.0889581,1.79878,0.682381,0.1037,-0.0483318,0.585448,0.0828919,-0.0970754,1.04865,1.3881,0.795626,0.52087,0.52087,1.38809,-0.790953,0.532808,0.532808,-1.38606,0.802137,0.296512,0.493273,-1.38387,-0.803257,0.309537,0.507334
roll,0,-0.0139823,0.110554,0.77281,0.352331,0.0903782,1.72467,0.662646,0.1024,-0.0513505,0.617412,0.084186,-0.0939829,1.02273,1.38811,0.795393,0.521614,0.521614,1.3881,-0.791301,0.532072,0.532072,-1.38593,0.802235,0.297324,0.494153,-1.38402,-0.803216,0.308715,0.506454
roll,0,-0.011982,0.109122,0.83395,0.376337,0.0918014,1.65234,0.642474,0.1011,-0.0542521,0.649187,0.0854803,-0.0908236,0.996588,1.38811,0.795155,0.522357,0.522357,1.3881,-0.79164,0.531334,0.531334,-1.3858,0.80233,0.298137,0.495033,-1.38416,-0.80317,0.307893,0.505574
roll,0,-0.00998166,0.10769,0.897094,0.399879,0.0932267,1.58017,0.622013,0.0998005,-0.0573311,0.68038,0.0867754,-0.0877877,0.96993,1.38811,0.794908,0.523099,0.523099,1.38811,-0.791973,0.530595,0.530595,-1.38567,0.80242,0.298951,0.495913,-1.3843,-0.803121,0.307072,0.504695
roll,0,-0.00798133,0.106263,0.961855,0.423001,0.0946546,1.50832,0.601364,0.0985016,-0.0602936,0.71101,0.0880709,-0.084689,0.94273,1.38812,0.794653,0.52384,0.52384,1.38811,-0.792299,0.529855,0.529855,-1.38554,0.802507,0.299765,0.496793,-1.38444,-0.803068,0.306251,0.503815
roll,0,-0.005981,0.104833,1.02593,0.446071,0.0960849,1.4379,0.580277,0.0972031,-0.0632893,0.74144,0.0893666,-0.0816235,0.915316,1.38812,0.794392,0.524581,0.524581,1.38811,-0.792617,0.529113,0.529113,-1.38541,0.80259,0.30058,0.497673,-1.38458,-0.803011,0.305432,0.502935
roll,0,-0.00398066,0.103407,1.09088,0.468788,0.0975172,1.36823,0.558901,0.095905,-0.066255,0.771401,0.0906629,-0.0785323,0.887446,1.38812,0.794124,0.52532,0.52532,1.38811,-0.792927,0.52837,0.52837,-1.38528,0.80267,0.301395,0.498552,-1.38472,-0.802951,0.304612,0.502055
roll,0,-0.00198033,0.10198,1.15691,0.491219,0.0989518,1.2992,0.537179,0.0946074,-0.0692771,0.800951,0.0919597,-0.0754963,0.859172,1.38812,0.793847,0.526061,0.526061,1.38811,-0.79323,0.527627,0.527627,-1.38514,0.802745,0.302212,0.499432,-1.38486,-0.802887,0.303794,0.501175
