phase,heave,roll,z0,toe0,camber0,z1,toe1,camber1,z2,toe2,camber2,z3,toe3,camber3
rest,0,0,-0.0523187,1.2664,-1.18455,-0.0522215,1.26378,-1.18669,-0.0398969,0.533641,-0.0925243,-0.039781,0.532643,-0.0913351
heave,1.00017e-05,0,-0.0523305,1.26433,-1.18614,-0.0522332,1.26171,-1.18828,-0.0399069,0.533691,-0.0924204,-0.039791,0.532692,-0.0912307
heave,0.00201034,0,-0.0538694,1.3111,-1.15443,-0.0537719,1.30846,-1.15662,-0.0418414,0.549832,-0.11319,-0.0417257,0.548892,-0.111911
heave,0.00401067,0,-0.055441,1.35616,-1.12319,-0.0553437,1.35352,-1.12542,-0.0437532,0.564824,-0.135232,-0.0436376,0.56394,-0.133856
heave,0.006011,0,-0.0569908,1.40713,-1.10479,-0.0568932,1.40448,-1.10712,-0.0456661,0.578965,-0.15889,-0.0455507,0.578141,-0.157422
heave,0.00801134,0,-0.058576,1.42553,-1.03251,-0.0584788,1.42276,-1.0347,-0.0475757,0.592012,-0.184135,-0.0474604,0.591245,-0.18257
heave,0.0100117,0,-0.0601064,1.48351,-1.01668,-0.0600087,1.48077,-1.01899,-0.0494848,0.60429,-0.210703,-0.0493695,0.603581,-0.209044
heave,0.012012,0,-0.0616662,1.52146,-0.968753,-0.0615689,1.51866,-0.97103,-0.0513927,0.615501,-0.239132,-0.0512777,0.614851,-0.237374
heave,0.0140123,0,-0.063229,1.57863,-0.951221,-0.0631311,1.57584,-0.953614,-0.0532988,0.625808,-0.270065,-0.0531832,0.625215,-0.268201
heave,0.0160127,0,-0.0647982,1.60641,-0.888078,-0.0647004,1.60353,-0.890403,-0.0552039,0.635023,-0.300839,-0.055089,0.634489,-0.29888
heave,0.018013,0,-0.0663467,1.66003,-0.859757,-0.066249,1.65716,-0.862141,-0.0571082,0.643362,-0.334168,-0.0569935,0.642889,-0.332111
heave,0.0200133,0,-0.0678916,1.72035,-0.841586,-0.0677939,1.7175,-0.844092,-0.0590102,0.650681,-0.369238,-0.0588952,0.650265,-0.367069
heave,0.0220137,0,-0.0694609,1.75991,-0.789596,-0.0693635,1.75701,-0.792065,-0.0609115,0.657194,-0.405823,-0.0607971,0.65684,-0.403556
heave,0.024014,0,-0.0710217,1.8068,-0.754269,-0.0709239,1.80385,-0.756775,-0.0628109,0.662459,-0.444661,-0.0626963,0.662163,-0.442284
heave,0.0260143,0,-0.0726019,1.84786,-0.704672,-0.0725042,1.84485,-0.707157,-0.0647094,0.666818,-0.484962,-0.0645947,0.666581,-0.482472
heave,0.0280147,0,-0.07414,1.90974,-0.683736,-0.074042,1.90677,-0.686363,-0.0666058,0.670262,-0.527635,-0.0664918,0.670087,-0.525048
heave,0.030015,0,-0.0757256,1.95244,-0.631823,-0.0756278,1.9494,-0.634405,-0.068501,0.672667,-0.571008,-0.0683872,0.672552,-0.568313
heave,0.0320153,0,-0.0772708,2.00659,-0.600635,-0.0771725,2.00354,-0.603319,-0.0703961,0.673998,-0.616962,-0.0702822,0.673942,-0.614147
heave,0.0340157,0,-0.0788564,2.0528,-0.55157,-0.0787585,2.04971,-0.554222,-0.0722886,0.674417,-0.665837,-0.072175,0.67442,-0.662909
heave,0.036016,0,-0.0804355,2.10062,-0.510353,-0.0803375,2.09748,-0.513024,-0.0741804,0.673797,-0.714623,-0.074067,0.673861,-0.711579
heave,0.0380163,0,-0.0820208,2.14767,-0.46133,-0.0819228,2.14445,-0.463982,-0.0760711,0.672178,-0.766394,-0.0759582,0.672302,-0.76324
heave,0.0400167,0,-0.083601,2.19921,-0.415324,-0.083503,2.19595,-0.417979,-0.0779613,0.669551,-0.820432,-0.0778484,0.669735,-0.817151
heave,0.042017,0,-0.0851719,2.25563,-0.380439,-0.0850737,2.25237,-0.383183,-0.0798497,0.66593,-0.876522,-0.0797371,0.666175,-0.873119
heave,0.0440173,0,-0.0867619,2.31159,-0.336089,-0.0866635,2.30829,-0.338869,-0.0817368,0.661345,-0.934672,-0.0816241,0.661649,-0.931132
heave,0.0460177,0,-0.0883383,2.3681,-0.29366,-0.08824,2.36478,-0.29648,-0.0836232,0.655744,-0.995161,-0.083511,0.656106,-0.991502
heave,0.048018,0,-0.0899274,2.4177,-0.246495,-0.0898289,2.41431,-0.249311,-0.0855081,0.649065,-1.05781,-0.085396,0.649488,-1.05401
heave,0.0500183,0,-0.0915134,2.47909,-0.206743,-0.0914146,2.47569,-0.209654,-0.0873938,0.641474,-1.12327,-0.0872817,0.641957,-1.11932
heave,0.0520187,0,-0.0931255,2.53182,-0.155168,-0.0930266,2.52835,-0.158056,-0.0892624,0.632904,-1.19022,-0.0891568,0.633415,-1.18636
heave,0.054019,0,-0.0947073,2.58985,-0.107321,-0.0946082,2.58633,-0.110226,-0.091031,0.623897,-1.25602,-0.0909252,0.624462,-1.25201
heave,0.0560193,0,-0.0963052,2.64725,-0.0666938,-0.0962055,2.6437,-0.0697023,-0.0928033,0.613943,-1.32456,-0.0926977,0.61456,-1.32042
heave,0.0580197,0,-0.0979614,2.70428,-0.0144832,-0.0978553,2.7004,-0.0176947,-0.0945774,0.603135,-1.39448,-0.0944718,0.603803,-1.3902
heave,0.0560098,0,-0.096502,2.65292,-0.0538055,-0.0964012,2.64928,-0.0567727,-0.0928927,0.613284,-1.32863,-0.0927865,0.613908,-1.32446
heave,0.0540096,0,-0.0949973,2.5946,-0.0939503,-0.0948966,2.59095,-0.0968356,-0.0911674,0.623071,-1.26207,-0.0910609,0.623644,-1.25803
heave,0.0520095,0,-0.0934551,2.54599,-0.145897,-0.0933541,2.54246,-0.148878,-0.0894349,0.631897,-1.19775,-0.0893281,0.632421,-1.19383
heave,0.0500094,0,-0.0919358,2.48571,-0.181264,-0.091835,2.48213,-0.184105,-0.087633,0.640354,-1.13233,-0.0875204,0.640847,-1.12835
heave,0.0480093,0,-0.0903932,2.43396,-0.228558,-0.0902924,2.43046,-0.231424,-0.0857823,0.647903,-1.06756,-0.0856691,0.64834,-1.0637
heave,0.0460091,0,-0.088851,2.38081,-0.276272,-0.0887503,2.37735,-0.279164,-0.0839244,0.65468,-1.00566,-0.0838112,0.655057,-1.00194
heave,0.044009,0,-0.087296,2.33514,-0.326438,-0.0871952,2.33179,-0.329373,-0.0820617,0.660405,-0.945574,-0.0819479,0.660723,-0.941976
heave,0.0420089,0,-0.0857485,2.27779,-0.36206,-0.0856476,2.27443,-0.3649,-0.0801936,0.665151,-0.887468,-0.0800797,0.665409,-0.884002
heave,0.0400088,0,-0.084202,2.2271,-0.407123,-0.0841013,2.22378,-0.409954,-0.0783215,0.66894,-0.831112,-0.0782076,0.669138,-0.827772
heave,0.0380086,0,-0.0826459,2.17885,-0.451816,-0.0825451,2.1756,-0.454641,-0.0764448,0.671644,-0.777574,-0.0763303,0.671783,-0.774348
heave,0.0360085,0,-0.0811182,2.10915,-0.467497,-0.0810177,2.10579,-0.470097,-0.0745588,0.673587,-0.727657,-0.0744442,0.673665,-0.724561
heave,0.0340084,0,-0.0795417,2.07238,-0.526209,-0.0794411,2.06915,-0.528904,-0.0726761,0.674407,-0.67541,-0.0725613,0.674423,-0.672424
heave,0.0320083,0,-0.0779884,2.02148,-0.565881,-0.0778879,2.01828,-0.568544,-0.0707863,0.67396,-0.627291,-0.0706715,0.67392,-0.624431
heave,0.0300081,0,-0.0764187,1.98061,-0.618116,-0.0763179,1.9775,-0.620827,-0.0688942,0.673081,-0.580762,-0.0687789,0.672975,-0.577996
heave,0.028008,0,-0.0748679,1.92496,-0.650263,-0.0747675,1.92185,-0.652893,-0.0669997,0.670539,-0.534597,-0.0668848,0.670378,-0.531961
heave,0.0260079,0,-0.0732944,1.87844,-0.694588,-0.073194,1.87539,-0.697222,-0.0650964,0.667742,-0.495049,-0.0649811,0.667517,-0.492527
heave,0.0240078,0,-0.0717355,1.82953,-0.729517,-0.0716351,1.8265,-0.732088,-0.0631959,0.663445,-0.453016,-0.0630804,0.66316,-0.450598
heave,0.0220076,0,-0.0701618,1.79988,-0.800617,-0.070061,1.79696,-0.803354,-0.0612905,0.658274,-0.413946,-0.0611749,0.657928,-0.411635
heave,0.0200075,0,-0.0686177,1.73946,-0.816903,-0.0685174,1.73649,-0.819457,-0.0593839,0.652147,-0.37696,-0.0592679,0.65174,-0.37475
heave,0.0180074,0,-0.0670511,1.68027,-0.841818,-0.0669509,1.67727,-0.844267,-0.0574737,0.644946,-0.341139,-0.0573575,0.644478,-0.339032
heave,0.0160073,0,-0.065484,1.64469,-0.889813,-0.0653836,1.64178,-0.892296,-0.055561,0.636782,-0.30728,-0.0554449,0.636255,-0.30528
heave,0.0140071,0,-0.0639132,1.60171,-0.930774,-0.0638127,1.59884,-0.933258,-0.0536467,0.627528,-0.274738,-0.0535304,0.626941,-0.272836
heave,0.012007,0,-0.0623442,1.55436,-0.97074,-0.0622439,1.55152,-0.973202,-0.0517313,0.617522,-0.244678,-0.0516151,0.616876,-0.242882
heave,0.0100069,0,-0.0607904,1.50908,-1.00419,-0.0606904,1.50628,-1.0066,-0.0498123,0.606408,-0.215804,-0.0496961,0.605704,-0.21411
heave,0.00800675,0,-0.0592043,1.4706,-1.05239,-0.0591042,1.46782,-1.05479,-0.0478956,0.594151,-0.188676,-0.0477791,0.593386,-0.187077
heave,0.00600663,0,-0.057649,1.42005,-1.07181,-0.0575491,1.4173,-1.07414,-0.0459717,0.581397,-0.163325,-0.0458549,0.580573,-0.16182
heave,0.0040065,0,-0.0560757,1.38315,-1.12051,-0.0559765,1.38048,-1.12285,-0.04405,0.567242,-0.139093,-0.0439334,0.566362,-0.13769
heave,0.00200638,0,-0.0545161,1.33135,-1.1376,-0.0544163,1.32866,-1.13983,-0.0421251,0.552247,-0.116635,-0.0420085,0.551309,-0.115329
heave,6.25039e-06,0,-0.0529537,1.29375,-1.18253,-0.052854,1.29108,-1.18479,-0.0401989,0.536343,-0.0957161,-0.0400818,0.535343,-0.094499
heave,-0.00199387,0,-0.0513565,1.24303,-1.21098,-0.051241,1.23992,-1.21348,-0.0382709,0.519423,-0.0764622,-0.0381533,0.518362,-0.0753357
heave,-0.003994,0,-0.0495326,1.20775,-1.26341,-0.0494194,1.20478,-1.26588,-0.0363469,0.501804,-0.0596148,-0.0362299,0.500685,-0.0585909
heave,-0.00599412,0,-0.0477083,1.17632,-1.33135,-0.0475948,1.17341,-1.33384,-0.0344148,0.482567,-0.0405851,-0.0342981,0.481398,-0.0396529
heave,-0.00799425,0,-0.0459116,1.10363,-1.32363,-0.0457984,1.10071,-1.32598,-0.0324834,0.463056,-0.0277591,-0.0323662,0.461833,-0.0269153
heave,-0.00999437,0,-0.0441413,1.04977,-1.35392,-0.0440281,1.04685,-1.3562,-0.0305534,0.44252,-0.0145891,-0.0304368,0.441245,-0.0138409
heave,-0.0119945,0,-0.0423165,1.00894,-1.39659,-0.0422037,1.00606,-1.39882,-0.0286213,0.420859,-0.00279637,-0.0285043,0.419531,-0.00213513
heave,-0.0139946,0,-0.0404987,0.97261,-1.45269,-0.0403852,0.969755,-1.45494,-0.0266896,0.398501,0.00731541,-0.0265728,0.397115,0.00788478
heave,-0.0159947,0,-0.0386877,0.927057,-1.48793,-0.0385741,0.924256,-1.49019,-0.0247553,0.374848,0.0172663,-0.0246389,0.373415,0.0177706
heave,-0.0179949,0,-0.0368836,0.876114,-1.51267,-0.0367704,0.873316,-1.51482,-0.0228228,0.350906,0.023028,-0.0227056,0.349409,0.0234182
heave,-0.019995,0,-0.0350892,0.829672,-1.53869,-0.034976,0.826916,-1.54082,-0.020889,0.325765,0.0290894,-0.0207719,0.324213,0.0293935
heave,-0.0219951,0,-0.0332818,0.794092,-1.58448,-0.0331687,0.791381,-1.58658,-0.0189554,0.299823,0.0334766,-0.0188378,0.298203,0.033691
heave,-0.0239952,0,-0.031457,0.740994,-1.60831,-0.0313439,0.7383,-1.61037,-0.0170207,0.272922,0.0360643,-0.0169035,0.271265,0.0361918
heave,-0.0259954,0,-0.0296655,0.693306,-1.62143,-0.0295523,0.690607,-1.62337,-0.0150841,0.244854,0.0377132,-0.0149674,0.243173,0.0377562
heave,-0.0279955,0,-0.0278439,0.640677,-1.64727,-0.0277315,0.638004,-1.64915,-0.0131503,0.216404,0.0378212,-0.0130331,0.214645,0.0377779
heave,-0.0299956,0,-0.0260475,0.603751,-1.68167,-0.025935,0.601077,-1.68348,-0.0112172,0.186339,0.0400335,-0.0110991,0.184502,0.0399426
heave,-0.0319957,0,-0.0242016,0.581825,-1.75175,-0.0240884,0.57921,-1.75363,-0.00927836,0.156754,0.0334358,-0.00916106,0.154891,0.0332172
heave,-0.0339959,0,-0.0224331,0.526624,-1.75012,-0.0223206,0.524019,-1.75188,-0.00734222,0.125606,0.0292048,-0.00722539,0.123701,0.0289005
heave,-0.035996,0,-0.0205496,0.492832,-1.80076,-0.0204366,0.490308,-1.80257,-0.00540573,0.0936564,0.023491,-0.00529156,0.0917462,0.0231104
heave,-0.0379961,0,-0.0187766,0.444711,-1.81437,-0.0186642,0.442176,-1.81609,-0.00346944,0.0610579,0.0155945,-0.00335177,0.0590432,0.015108
heave,-0.0399962,0,-0.0169642,0.389495,-1.82685,-0.0168508,0.386943,-1.82855,-0.00153467,0.0271986,0.0083877,-0.00141782,0.0251456,0.0078302
heave,-0.0419964,0,-0.0150775,0.455166,-1.99591,-0.0149648,0.452874,-1.99784,0.000405526,-0.00538793,-0.0110452,0.000523808,-0.00746127,-0.0118568
heave,-0.0439965,0,-0.0132685,0.347792,-1.9313,-0.013156,0.345379,-1.93298,0.00233753,-0.0419048,-0.0134876,0.00245486,-0.0440572,-0.014218
heave,-0.0459966,0,-0.0115392,0.248671,-1.8597,-0.0114273,0.246038,-1.86094,0.00427316,-0.0781899,-0.0260717,0.00438993,-0.0803864,-0.0268854
heave,-0.0479967,0,-0.00958692,0.314146,-2.0511,-0.00947485,0.311849,-2.0527,0.00620758,-0.114757,-0.0403865,0.00632449,-0.116982,-0.0412874
heave,-0.0499969,0,-0.00790558,0.195975,-1.95088,-0.00779279,0.1935,-1.95227,0.00814097,-0.152188,-0.0561534,0.008259,-0.154497,-0.0571524
heave,-0.051997,0,-0.00609203,0.158487,-1.97766,-0.0059803,0.156029,-1.97898,0.0100767,-0.19004,-0.0735926,0.0101937,-0.192372,-0.0746722
heave,-0.0539971,0,-0.00425958,0.125902,-2.00945,-0.00414718,0.123485,-2.01078,0.0120098,-0.229276,-0.0914196,0.0121261,-0.231639,-0.0925713
heave,-0.0559972,0,-0.00246266,0.111117,-2.06831,-0.0023502,0.108758,-2.06966,0.0139433,-0.268694,-0.111372,0.0140596,-0.2711,-0.11261
heave,-0.0579974,0,-0.000707261,0.00607108,-1.98283,-0.000596931,0.00421951,-1.9848,0.015877,-0.30898,-0.133325,0.0159953,-0.311473,-0.134676
heave,-0.0599975,0,0.00110641,0.00465302,-2.04815,0.00121855,0.00226906,-2.04926,0.0178107,-0.350359,-0.154175,0.0179285,-0.35289,-0.155614
heave,-0.0619976,0,0.00292195,-0.00910061,-2.10947,0.00303302,-0.0114036,-2.11061,0.0197423,-0.391982,-0.179158,0.0198561,-0.394461,-0.180619
heave,-0.0639977,0,0.00472196,-0.0465564,-2.13114,0.00483473,-0.0488869,-2.13224,0.0216758,-0.434444,-0.204687,0.0217915,-0.437006,-0.206258
heave,-0.0659979,0,0.00658297,-0.0263255,-2.25736,0.00669705,-0.0286227,-2.25848,0.0236058,-0.477526,-0.231704,0.023715,-0.479962,-0.233298
heave,-0.067998,0,0.00825702,-0.128821,-2.15494,0.00836859,-0.131141,-2.15591,0.0255341,-0.521134,-0.259961,0.0256508,-0.5238,-0.261716
heave,-0.0699981,0,0.0100551,-0.167622,-2.1671,0.0101672,-0.169793,-2.16823,0.0274633,-0.56562,-0.289491,0.0275802,-0.568332,-0.291333
heave,-0.0719982,0,0.0118288,-0.20739,-2.16763,0.0119404,-0.20968,-2.16849,0.0293938,-0.610388,-0.320458,0.0295097,-0.613108,-0.322375
heave,-0.0739984,0,0.0135918,-0.281078,-2.13448,0.0137022,-0.283374,-2.13525,0.0313177,-0.656257,-0.353065,0.0314368,-0.659099,-0.355123
heave,-0.0759985,0,0.0154097,-0.142296,-2.4141,0.015523,-0.144084,-2.41583,0.0332487,-0.703024,-0.387676,0.0333606,-0.7058,-0.389705
heave,-0.0779986,0,0.0171066,-0.383953,-2.10799,0.017218,-0.386261,-2.10865,0.0351743,-0.749445,-0.422634,0.0352896,-0.75227,-0.4248
heave,-0.0799987,0,0.0189062,-0.377014,-2.18539,0.0190192,-0.379386,-2.18595,0.0370979,-0.796913,-0.459389,0.037213,-0.799768,-0.461646
heave,-0.0819989,0,0.0207218,-0.43297,-2.16553,0.0208332,-0.435268,-2.16608,0.0390231,-0.84496,-0.497693,0.0391374,-0.847831,-0.500011
heave,-0.083999,0,0.0226934,-0.411426,-2.26419,0.0228077,-0.407902,-2.2736,0.0409443,-0.893373,-0.537394,0.0410625,-0.896378,-0.539884
heave,-0.0859991,0,0.0242608,-0.464046,-2.24516,0.0243723,-0.466446,-2.24542,0.0428691,-0.942084,-0.581763,0.0429842,-0.945041,-0.584286
heave,-0.0879992,0,0.0260664,-0.488645,-2.27212,0.0261774,-0.490931,-2.27248,0.0447864,-0.992406,-0.621224,0.044902,-0.995415,-0.623836
heave,-0.0899994,0,0.0277813,-0.560783,-2.23484,0.0278916,-0.56311,-2.23506,0.0467068,-1.04266,-0.667225,0.0468226,-1.04572,-0.669948
heave,-0.0919995,0,0.0295545,-0.567847,-2.26317,0.0296659,-0.570154,-2.26339,0.0486235,-1.09378,-0.710296,0.048739,-1.09685,-0.713081
heave,-0.0939996,0,0.0314164,-0.550898,-2.3902,0.03153,-0.553159,-2.39068,0.0505351,-1.14425,-0.757545,0.0506558,-1.14749,-0.760552
heave,-0.0959997,0,0.0331192,-0.615152,-2.31059,0.0332298,-0.617277,-2.31088,0.0524567,-1.19623,-0.806648,0.0525734,-1.1994,-0.809648
heave,-0.0979999,0,0.0348322,-0.767529,-2.15453,0.0349377,-0.7715,-2.15201,0.0543746,-1.24842,-0.856112,0.0544882,-1.25153,-0.859121
heave,-0.1,0,0.0366295,-0.677824,-2.33492,0.0367403,-0.680563,-2.33421,0.0562885,-1.30067,-0.907459,0.0564021,-1.30381,-0.910557
heave,-0.098,0,0.0350614,-0.715399,-2.22277,0.0351698,-0.718531,-2.22146,0.0543321,-1.24706,-0.855452,0.0544534,-1.25036,-0.858661
heave,-0.096,0,0.0332913,-0.624269,-2.3177,0.0334025,-0.62649,-2.31794,0.0524173,-1.19536,-0.807461,0.0525314,-1.19844,-0.810361
heave,-0.094,0,0.0315018,-0.686036,-2.15866,0.0316112,-0.688663,-2.15829,0.050503,-1.14435,-0.756587,0.0506187,-1.14746,-0.759465
heave,-0.092,0,0.0297801,-0.609465,-2.20881,0.0298914,-0.611787,-2.209,0.0485891,-1.09473,-0.710469,0.0487023,-1.09789,-0.713196
heave,-0.09,0,0.0281448,-0.550823,-2.24892,0.0282542,-0.552991,-2.2493,0.0466738,-1.04228,-0.664998,0.0467897,-1.04533,-0.667707
heave,-0.088,0,0.0264224,-0.509448,-2.27026,0.0265328,-0.511667,-2.27072,0.0447572,-0.992052,-0.620871,0.0448732,-0.995069,-0.623489
heave,-0.086,0,0.0247249,-0.4711,-2.24801,0.0248341,-0.473761,-2.24783,0.0428341,-0.94238,-0.57819,0.0429539,-0.945461,-0.580798
heave,-0.084,0,0.0229447,-0.454896,-2.22655,0.0230562,-0.457242,-2.22697,0.0409175,-0.893369,-0.537225,0.0410329,-0.896307,-0.539659
heave,-0.082,0,0.0212321,-0.383294,-2.26184,0.0213435,-0.385567,-2.2624,0.0389966,-0.845795,-0.49424,0.0391124,-0.848713,-0.496558
heave,-0.08,0,0.0195296,-0.366491,-2.23972,0.019641,-0.368764,-2.24036,0.0370786,-0.796733,-0.459373,0.037194,-0.799598,-0.461617
heave,-0.078,0,0.0178256,-0.297642,-2.26898,0.0179372,-0.300065,-2.26928,0.0351519,-0.749465,-0.422518,0.0352695,-0.752348,-0.424726
heave,-0.076,0,0.0160731,-0.269527,-2.24541,0.0161844,-0.271983,-2.2458,0.0332304,-0.70264,-0.387043,0.0333452,-0.705415,-0.389112
heave,-0.074,0,0.0142886,-0.292638,-2.13488,0.0143983,-0.295298,-2.13505,0.0313023,-0.6567,-0.353193,0.0314201,-0.65952,-0.355231
heave,-0.072,0,0.012464,-0.253254,-2.13141,0.0125756,-0.255604,-2.13216,0.0293771,-0.61079,-0.320704,0.0294945,-0.613553,-0.322646
heave,-0.07,0,0.0107147,-0.198881,-2.10919,0.0108261,-0.201175,-2.11002,0.0274521,-0.565918,-0.289692,0.0275671,-0.568587,-0.291509
heave,-0.068,0,0.00896674,-0.186771,-2.13438,0.00907807,-0.18923,-2.1352,0.0255321,-0.52212,-0.25956,0.0256503,-0.524805,-0.26132
heave,-0.066,0,0.00727614,-0.0831155,-2.18286,0.00738809,-0.0854047,-2.18392,0.0235986,-0.477817,-0.231695,0.023715,-0.480438,-0.233363
heave,-0.064,0,0.00543906,-0.084881,-2.10486,0.00555138,-0.08719,-2.10597,0.0216687,-0.434756,-0.204825,0.0217864,-0.437363,-0.206423
heave,-0.062,0,0.00366548,-0.0633707,-2.06173,0.00377861,-0.0657547,-2.06284,0.0197405,-0.392421,-0.17943,0.0198558,-0.394951,-0.180914
heave,-0.06,0,0.00189953,-0.0434234,-2.03488,0.00201131,-0.0458179,-2.03599,0.0178097,-0.350709,-0.15543,0.0179267,-0.353217,-0.156847
heave,-0.058,0,0.000195296,0.0584692,-2.11963,0.000307573,0.056133,-2.1209,0.0158812,-0.309706,-0.132903,0.0159978,-0.312164,-0.134231
heave,-0.056,0,-0.00165173,0.0591549,-2.0319,-0.00153955,0.0567549,-2.0331,0.0139496,-0.269654,-0.110183,0.0140673,-0.272096,-0.111413
heave,-0.054,0,-0.00343103,0.0906805,-1.99603,-0.00331759,0.0881961,-1.99721,0.0120209,-0.229841,-0.0917445,0.0121366,-0.232191,-0.0928916
heave,-0.052,0,-0.00519259,0.134014,-1.98585,-0.00508052,0.131584,-1.98717,0.010091,-0.191546,-0.0716737,0.0102074,-0.193873,-0.0727305
heave,-0.05,0,-0.00699366,0.157658,-1.94456,-0.00688145,0.155153,-1.94585,0.00815833,-0.152892,-0.0561038,0.00827482,-0.155171,-0.0570874
heave,-0.048,0,-0.00875535,0.206501,-1.92788,-0.00864262,0.204014,-1.92929,0.0062287,-0.115505,-0.0407895,0.00634382,-0.117712,-0.0416799
heave,-0.046,0,-0.0105433,0.254023,-1.92475,-0.0104309,0.251554,-1.92624,0.00429626,-0.0788877,-0.0265503,0.00441396,-0.0810976,-0.0273744
heave,-0.044,0,-0.0123197,0.290453,-1.89354,-0.012207,0.287951,-1.89507,0.00236592,-0.043047,-0.0137999,0.00248243,-0.0451877,-0.014531
heave,-0.042,0,-0.0141115,0.368925,-1.91766,-0.013999,0.366557,-1.91943,0.000435048,-0.00795984,-0.00244916,0.000551323,-0.010052,-0.00309437
heave,-0.04,0,-0.0161055,0.19312,-1.64925,-0.0159933,0.189952,-1.65034,-0.00149503,0.0261847,0.00767183,-0.00137788,0.0241281,0.00711685
heave,-0.038,0,-0.0177132,0.420104,-1.83128,-0.0176011,0.417636,-1.83303,-0.00342781,0.0598279,0.0161132,-0.00331024,0.0578106,0.0156321
heave,-0.036,0,-0.0195298,0.446397,-1.78154,-0.0194172,0.443816,-1.78323,-0.00535716,0.092621,0.022739,-0.00524036,0.090667,0.0223432
heave,-0.034,0,-0.0213125,0.50134,-1.78103,-0.0212001,0.498754,-1.78276,-0.00728672,0.124433,0.0287498,-0.00716943,0.122519,0.0284392
heave,-0.032,0,-0.02309,0.555528,-1.75944,-0.0229775,0.552971,-1.7613,-0.00921776,0.155343,0.0339255,-0.00910085,0.153482,0.0337107
heave,-0.03,0,-0.0248847,0.588678,-1.71993,-0.024772,0.586086,-1.72182,-0.0111484,0.185733,0.036391,-0.0110309,0.183915,0.0362525
heave,-0.028,0,-0.0266839,0.627429,-1.69052,-0.0265713,0.624786,-1.69242,-0.0130769,0.215155,0.0376548,-0.0129602,0.213402,0.0376048
heave,-0.026,0,-0.0284696,0.675198,-1.6654,-0.0283571,0.672566,-1.66737,-0.0150064,0.243252,0.0399093,-0.0148897,0.241593,0.0399665
heave,-0.024,0,-0.0303062,0.689413,-1.59837,-0.030194,0.686701,-1.6003,-0.0169324,0.271323,0.0364648,-0.0168153,0.269664,0.0365887
heave,-0.022,0,-0.0320919,0.736736,-1.56276,-0.03198,0.734003,-1.56472,-0.0188592,0.298152,0.0336393,-0.0187418,0.296542,0.0338503
heave,-0.02,0,-0.0338684,0.810448,-1.58458,-0.033756,0.807781,-1.58674,-0.0207856,0.324128,0.0294292,-0.0206688,0.322577,0.0297268
heave,-0.018,0,-0.0356817,0.840078,-1.53273,-0.0355695,0.837336,-1.53485,-0.0227112,0.349208,0.0237418,-0.0225944,0.347711,0.0241272
heave,-0.016,0,-0.0374775,0.888734,-1.49824,-0.0373654,0.885955,-1.50038,-0.0246362,0.37344,0.0166245,-0.0245207,0.372012,0.0170934
heave,-0.014,0,-0.0392681,0.928171,-1.4568,-0.0391558,0.925365,-1.45899,-0.0265617,0.396746,0.00802068,-0.0264452,0.395359,0.00858188
heave,-0.012,0,-0.0410583,0.981182,-1.41372,-0.0409459,0.97833,-1.41589,-0.0284858,0.419001,9.9167e-05,-0.0283693,0.417666,0.000758144
heave,-0.01,0,-0.0428766,1.00762,-1.36771,-0.0427645,1.00475,-1.36994,-0.0304072,0.440866,-0.0145382,-0.0302906,0.439588,-0.0138006
heave,-0.008,0,-0.0446826,1.0635,-1.35269,-0.0445703,1.0606,-1.35499,-0.0323285,0.461266,-0.0264436,-0.0322116,0.460038,-0.0256101
heave,-0.006,0,-0.0464729,1.11244,-1.30683,-0.0463606,1.10951,-1.30916,-0.0342483,0.480974,-0.0410182,-0.0341321,0.479814,-0.040099
heave,-0.004,0,-0.048257,1.17078,-1.2871,-0.0481443,1.16784,-1.28951,-0.0361668,0.499791,-0.0573713,-0.0360514,0.49869,-0.0563671
heave,-0.002,0,-0.0500949,1.20883,-1.23916,-0.0499829,1.20586,-1.24158,-0.0380853,0.517617,-0.0747607,-0.0379692,0.516563,-0.07366
heave,0,0,-0.0518876,1.25037,-1.19466,-0.0517804,1.24749,-1.19702,-0.0400031,0.534472,-0.0932655,-0.0398866,0.53347,-0.0920632
roll,0,1.00017e-05,-0.0518921,1.25181,-1.18998,-0.0517705,1.24894,-1.19346,-0.0400113,0.534195,-0.0916442,-0.03988,0.533194,-0.0915885
roll,0,0.00201034,-0.0529341,1.28237,-1.16416,-0.0505915,1.21997,-1.21611,-0.0412253,0.544803,-0.105965,-0.0386267,0.522601,-0.0804998
roll,0,0.00401067,-0.0540098,1.31741,-1.14978,-0.0493709,1.1947,-1.25349,-0.0424983,0.554709,-0.117642,-0.0373559,0.510631,-0.0657957
roll,0,0.006011,-0.0550891,1.35095,-1.13288,-0.0481549,1.16808,-1.28864,-0.0437609,0.56625,-0.141223,-0.0360759,0.500374,-0.0631843
roll,0,0.00801134,-0.0561949,1.39052,-1.11194,-0.0469613,1.1503,-1.32218,-0.0450383,0.574437,-0.150373,-0.03481,0.486723,-0.0462455
roll,0,0.0100117,-0.0572844,1.40952,-1.08515,-0.0457523,1.10436,-1.3436,-0.0463088,0.58352,-0.166625,-0.0335378,0.473981,-0.0362221
roll,0,0.012012,-0.0583727,1.43644,-1.05095,-0.0445394,1.06874,-1.35701,-0.0475797,0.592148,-0.183491,-0.0322661,0.460818,-0.0267591
roll,0,0.0140123,-0.0594381,1.47072,-1.03696,-0.0432951,1.04602,-1.40085,-0.0488508,0.600314,-0.201185,-0.0309958,0.447239,-0.0180677
roll,0,0.0160127,-0.0605376,1.50404,-1.01454,-0.0420986,1.02297,-1.43568,-0.0501209,0.608124,-0.219527,-0.0297244,0.433298,-0.00995884
roll,0,0.018013,-0.0616234,1.52584,-0.976359,-0.0408734,0.97486,-1.43625,-0.0513921,0.615552,-0.238569,-0.0284537,0.41903,-0.00248048
roll,0,0.0200133,-0.0627388,1.55275,-0.939533,-0.0396893,0.930434,-1.43414,-0.0526625,0.622481,-0.258392,-0.0271839,0.404309,0.00428777
roll,0,0.0220137,-0.0638262,1.58863,-0.92461,-0.0384808,0.914713,-1.48591,-0.0539326,0.62898,-0.278977,-0.0259149,0.389199,0.0103784
roll,0,0.024014,-0.0648999,1.62619,-0.903216,-0.0372192,0.904856,-1.5331,-0.0552016,0.634993,-0.300233,-0.0246447,0.373804,0.0158885
roll,0,0.0260143,-0.0660161,1.65017,-0.863876,-0.0360555,0.847077,-1.51476,-0.0564709,0.640729,-0.322287,-0.0233763,0.357857,0.0208032
roll,0,0.0280147,-0.0671158,1.68351,-0.833433,-0.0348523,0.820008,-1.53184,-0.0577405,0.645796,-0.34408,-0.0221086,0.34154,0.0256823
roll,0,0.030015,-0.0682105,1.71611,-0.810658,-0.0336215,0.795409,-1.56815,-0.0590083,0.650547,-0.368114,-0.0208417,0.325291,0.0288505
roll,0,0.0320153,-0.0693109,1.75187,-0.788592,-0.0324034,0.772895,-1.60744,-0.060277,0.655123,-0.393089,-0.0195742,0.308082,0.0315883
roll,0,0.0340157,-0.0704302,1.78438,-0.757624,-0.0312036,0.749595,-1.63044,-0.0615436,0.659288,-0.417926,-0.0183097,0.290526,0.0353721
roll,0,0.036016,-0.0715369,1.81177,-0.727081,-0.030031,0.686832,-1.61229,-0.0628116,0.662445,-0.444043,-0.0170425,0.273115,0.0357176
roll,0,0.0380163,-0.0726364,1.85161,-0.705347,-0.0287855,0.699774,-1.69161,-0.064077,0.665366,-0.470614,-0.0157787,0.255109,0.0364051
roll,0,0.0400167,-0.0737477,1.88079,-0.668524,-0.0275863,0.635059,-1.65678,-0.0653448,0.668075,-0.498287,-0.0145139,0.236689,0.0373305
roll,0,0.042017,-0.0748466,1.91967,-0.645207,-0.0263487,0.645016,-1.73254,-0.0666092,0.670155,-0.526636,-0.0132499,0.217929,0.0372037
roll,0,0.0440173,-0.0759548,1.95107,-0.613422,-0.0251775,0.594384,-1.71963,-0.0678733,0.671712,-0.555919,-0.0119888,0.198793,0.0363676
roll,0,0.0460177,-0.0770663,1.98637,-0.583791,-0.0239989,0.552158,-1.71613,-0.0691387,0.673151,-0.585765,-0.0107249,0.179435,0.0353208
roll,0,0.048018,-0.0781765,2.02121,-0.554006,-0.022774,0.540678,-1.75643,-0.0704008,0.674482,-0.61697,-0.00946544,0.159414,0.0351775
roll,0,0.0500183,-0.0792944,2.05618,-0.526648,-0.0217047,0.446855,-1.67363,-0.0716618,0.674452,-0.650322,-0.00820216,0.139491,0.0288003
roll,0,0.0520187,-0.0804157,2.09309,-0.494596,-0.0203352,0.502474,-1.8256,-0.0729252,0.67418,-0.680892,-0.0069469,0.119127,0.0275041
roll,0,0.054019,-0.0815251,2.12907,-0.464917,-0.0191431,0.461628,-1.82561,-0.0741848,0.67379,-0.71422,-0.00568768,0.0983122,0.0238207
roll,0,0.0560193,-0.0826515,2.16767,-0.435117,-0.017973,0.410156,-1.8052,-0.0754464,0.672834,-0.748602,-0.00443032,0.0772119,0.019551
roll,0,0.0580197,-0.0837883,2.2045,-0.404546,-0.0167778,0.384512,-1.82996,-0.0767055,0.671428,-0.78384,-0.00317438,0.0557783,0.014581
roll,0,0.0560197,-0.0828433,2.17406,-0.429927,-0.0178865,0.430817,-1.83366,-0.0755452,0.672707,-0.75266,-0.00435984,0.0761455,0.0191062
roll,0,0.0540195,-0.0817703,2.13864,-0.459921,-0.0190718,0.47504,-1.84996,-0.0742917,0.673887,-0.718846,-0.0056197,0.0966385,0.0246458
roll,0,0.0520193,-0.080695,2.10397,-0.488963,-0.0203014,0.481066,-1.79792,-0.0730373,0.674313,-0.685309,-0.00687495,0.117697,0.0284069
roll,0,0.0500192,-0.079617,2.06953,-0.518454,-0.0215154,0.501845,-1.76853,-0.0717831,0.674396,-0.652832,-0.00813261,0.138118,0.0316418
roll,0,0.048019,-0.0785324,2.03686,-0.552329,-0.0226996,0.554036,-1.79838,-0.0705265,0.674075,-0.621197,-0.00938905,0.158193,0.0342155
roll,0,0.0460188,-0.0774514,2.00092,-0.576839,-0.0239239,0.5591,-1.73027,-0.0692664,0.673289,-0.590351,-0.0106483,0.17799,0.0361825
roll,0,0.0440187,-0.0763683,1.96689,-0.60696,-0.0251073,0.59416,-1.73161,-0.0680067,0.672132,-0.560377,-0.0119075,0.197343,0.03757
roll,0,0.0420185,-0.0752824,1.93452,-0.636019,-0.0263138,0.628335,-1.71152,-0.0667453,0.670443,-0.531249,-0.0131688,0.216507,0.0383299
roll,0,0.0400183,-0.0742114,1.89765,-0.65616,-0.0275678,0.633825,-1.64608,-0.0654823,0.668346,-0.502777,-0.0144296,0.235269,0.0385263
roll,0,0.0380182,-0.073118,1.87159,-0.694423,-0.0287471,0.695331,-1.67075,-0.0642177,0.66512,-0.475535,-0.0156922,0.254146,0.036576
roll,0,0.036018,-0.0720347,1.83718,-0.722502,-0.029943,0.721607,-1.65637,-0.0629532,0.662834,-0.448367,-0.0169552,0.271683,0.0369645
roll,0,0.0340178,-0.0709615,1.80281,-0.752195,-0.0311781,0.742977,-1.6367,-0.0616879,0.659441,-0.422456,-0.0182169,0.289313,0.0353018
roll,0,0.0320177,-0.0698851,1.76769,-0.774251,-0.0324178,0.756001,-1.58508,-0.0604209,0.655602,-0.397242,-0.0194824,0.306703,0.0330136
roll,0,0.0300175,-0.0688029,1.73932,-0.803522,-0.033637,0.798535,-1.57206,-0.0591524,0.651293,-0.372864,-0.0207487,0.323701,0.0299956
roll,0,0.0280173,-0.067721,1.70421,-0.82766,-0.0348437,0.820621,-1.54261,-0.0578839,0.646482,-0.349165,-0.0220143,0.340358,0.0264609
roll,0,0.0260172,-0.0666315,1.6821,-0.868602,-0.0360395,0.874228,-1.55668,-0.0566183,0.641183,-0.323626,-0.0232826,0.356201,0.025841
roll,0,0.024017,-0.0655749,1.63496,-0.872869,-0.0372985,0.86804,-1.47972,-0.0553456,0.635786,-0.304104,-0.0245464,0.372336,0.0175419
roll,0,0.0220168,-0.0645015,1.60333,-0.888906,-0.0385162,0.900636,-1.4398,-0.0540759,0.629774,-0.28271,-0.025814,0.387851,0.012097
roll,0,0.0200167,-0.0634175,1.5767,-0.930445,-0.0397386,0.938284,-1.44458,-0.0528048,0.623344,-0.262291,-0.0270813,0.402944,0.00584232
roll,0,0.0180165,-0.0623347,1.54918,-0.95854,-0.0409587,0.97337,-1.42165,-0.051534,0.616406,-0.242051,-0.0283497,0.417629,-0.000523491
roll,0,0.0160163,-0.0612539,1.51587,-0.981818,-0.0421851,1.003,-1.39715,-0.0502612,0.609018,-0.222403,-0.0296218,0.43196,-0.0078442
roll,0,0.0140162,-0.0601883,1.48444,-1.00453,-0.0434159,1.03103,-1.36647,-0.0489905,0.6012,-0.204472,-0.030887,0.445892,-0.016315
roll,0,0.012016,-0.0591078,1.45741,-1.03771,-0.0446343,1.06687,-1.35317,-0.0477188,0.593174,-0.18676,-0.0321566,0.459519,-0.024772
roll,0,0.0100158,-0.058031,1.42733,-1.06561,-0.0458611,1.09744,-1.33039,-0.0464458,0.584589,-0.169757,-0.033426,0.472669,-0.0341133
roll,0,0.00801567,-0.0569523,1.41275,-1.10851,-0.0470879,1.14655,-1.32402,-0.045174,0.575456,-0.153029,-0.0346958,0.485321,-0.0435549
roll,0,0.0060155,-0.0559002,1.36085,-1.09943,-0.0483464,1.15587,-1.2623,-0.0439013,0.566144,-0.137736,-0.0359665,0.49787,-0.0546484
roll,0,0.00401533,-0.0548139,1.35107,-1.15335,-0.0495683,1.20606,-1.26367,-0.0426289,0.556212,-0.122635,-0.0372362,0.509726,-0.0656906
roll,0,0.00201517,-0.053707,1.3223,-1.17716,-0.0507745,1.2402,-1.23618,-0.0413536,0.546015,-0.108629,-0.0385063,0.521344,-0.0780321
roll,0,1.50013e-05,-0.0526725,1.2821,-1.18422,-0.0520142,1.26107,-1.19446,-0.0400817,0.535273,-0.0950543,-0.0397775,0.532527,-0.0906168
roll,0,-0.00198517,-0.0515945,1.25154,-1.1946,-0.0530957,1.2905,-1.15807,-0.0388068,0.524847,-0.0852768,-0.0410451,0.543795,-0.108045
roll,0,-0.00398533,-0.0503685,1.21467,-1.22793,-0.0541759,1.31438,-1.14102,-0.0375372,0.512707,-0.0700633,-0.0423199,0.553665,-0.11803
roll,0,-0.0059855,-0.0491045,1.19778,-1.27787,-0.0552202,1.35494,-1.13288,-0.0362647,0.500823,-0.0585527,-0.0435906,0.563629,-0.132726
roll,0,-0.00798567,-0.0479012,1.14827,-1.27961,-0.0563141,1.37315,-1.09328,-0.034992,0.488519,-0.0477356,-0.0448616,0.573164,-0.148168
roll,0,-0.00998583,-0.0466647,1.12915,-1.32184,-0.0573876,1.41023,-1.07708,-0.0337193,0.475877,-0.0379266,-0.0461319,0.582342,-0.164795
roll,0,-0.011986,-0.0454341,1.09462,-1.34209,-0.0584617,1.43955,-1.04959,-0.032445,0.462924,-0.0304899,-0.0474013,0.590932,-0.182973
roll,0,-0.0139862,-0.0441878,1.06697,-1.37922,-0.0595486,1.46955,-1.02832,-0.0311774,0.449236,-0.0192505,-0.0486741,0.599239,-0.198657
roll,0,-0.0159863,-0.0429849,1.00747,-1.36266,-0.060645,1.48643,-0.984418,-0.0299058,0.435345,-0.0110583,-0.0499443,0.60709,-0.216892
roll,0,-0.0179865,-0.0417413,1.0025,-1.42193,-0.0617101,1.53004,-0.97381,-0.0286349,0.421062,-0.00352751,-0.0512154,0.614538,-0.235879
roll,0,-0.0199867,-0.040505,0.968501,-1.44488,-0.0627938,1.55937,-0.946386,-0.0273621,0.406483,0.00316154,-0.052484,0.62157,-0.255743
roll,0,-0.0219868,-0.0393074,0.934497,-1.46326,-0.0638896,1.5901,-0.919017,-0.0260939,0.391362,0.00960608,-0.0537569,0.628071,-0.275971
roll,0,-0.023987,-0.0380414,0.891351,-1.47439,-0.064973,1.61601,-0.887226,-0.024825,0.375946,0.0151917,-0.0550256,0.634247,-0.297239
roll,0,-0.0259872,-0.0368444,0.865449,-1.50068,-0.0660576,1.64924,-0.863724,-0.0235555,0.360144,0.0201861,-0.0562957,0.639953,-0.31918
roll,0,-0.0279873,-0.0356033,0.849918,-1.54055,-0.0671451,1.6883,-0.841232,-0.0222877,0.343428,0.0266556,-0.0575706,0.644867,-0.33728
roll,0,-0.0299875,-0.034355,0.828595,-1.58196,-0.0682399,1.71994,-0.816458,-0.0210186,0.327443,0.0281718,-0.0588342,0.650068,-0.365374
roll,0,-0.0319877,-0.0331522,0.782521,-1.57848,-0.0693327,1.7498,-0.785419,-0.019753,0.310526,0.031254,-0.0601013,0.654489,-0.389602
roll,0,-0.0339878,-0.0319538,0.747342,-1.59056,-0.0704377,1.77998,-0.751674,-0.0184857,0.293257,0.0336889,-0.0613706,0.658464,-0.41464
roll,0,-0.035988,-0.0306861,0.740657,-1.64482,-0.0715231,1.81771,-0.730354,-0.0172192,0.275649,0.0355329,-0.0626377,0.662072,-0.440422
roll,0,-0.0379882,-0.0294809,0.70537,-1.66953,-0.0726247,1.84831,-0.704182,-0.0159507,0.257695,0.0368523,-0.0639038,0.665144,-0.467009
roll,0,-0.0399883,-0.0282712,0.663926,-1.65736,-0.0737197,1.88208,-0.670719,-0.0146891,0.239383,0.0367389,-0.0651694,0.667894,-0.495962
roll,0,-0.0419885,-0.0270251,0.661228,-1.72495,-0.0748159,1.91767,-0.645879,-0.0134252,0.220574,0.0372789,-0.0664371,0.669948,-0.522711
roll,0,-0.0439887,-0.0257843,0.612513,-1.71248,-0.0759224,1.95187,-0.615102,-0.0121629,0.20157,0.0366471,-0.0677028,0.671687,-0.551763
roll,0,-0.0459888,-0.024625,0.571082,-1.71019,-0.0770256,1.9854,-0.583954,-0.0109021,0.182149,0.0353969,-0.0689655,0.673028,-0.581561
roll,0,-0.047989,-0.0234041,0.545595,-1.73592,-0.078131,2.01993,-0.555374,-0.00963975,0.162456,0.0332595,-0.0702304,0.673917,-0.612491
roll,0,-0.0499892,-0.0222099,0.51449,-1.75131,-0.0792605,2.05578,-0.525604,-0.00837887,0.142333,0.0310768,-0.0714932,0.674334,-0.643951
roll,0,-0.0519893,-0.0209426,0.520638,-1.82433,-0.0803738,2.09204,-0.495324,-0.00711977,0.121974,0.0279372,-0.0727561,0.674345,-0.676415
roll,0,-0.0539895,-0.019814,0.424186,-1.73592,-0.0814766,2.12828,-0.468382,-0.00586099,0.101048,0.0253269,-0.0740187,0.673868,-0.709766
roll,0,-0.0559897,-0.0185151,0.438711,-1.82522,-0.082596,2.16389,-0.436074,-0.00460335,0.0801691,0.020095,-0.0752789,0.67297,-0.744041
roll,0,-0.0579898,-0.017289,0.434716,-1.87941,-0.0837194,2.19941,-0.402629,-0.00334793,0.0587711,0.0152608,-0.0765392,0.671638,-0.779127
roll,0,-0.05999,-0.0161151,0.335937,-1.7668,-0.0848462,2.24544,-0.381139,-0.00208867,0.0375717,0.00673324,-0.0777969,0.669662,-0.816639
roll,0,-0.0579897,-0.0171887,0.411584,-1.85628,-0.0838298,2.206,-0.404518,-0.00327726,0.0573023,0.0161836,-0.0766293,0.671486,-0.783244
roll,0,-0.0559893,-0.0183936,0.449688,-1.84358,-0.0827539,2.16997,-0.431753,-0.00453426,0.0787162,0.0208665,-0.0753796,0.67281,-0.748208
roll,0,-0.053989,-0.0195905,0.474957,-1.81631,-0.0816821,2.1357,-0.461886,-0.00578929,0.0997561,0.0252596,-0.0741281,0.673804,-0.714172
roll,0,-0.0519887,-0.0207845,0.473405,-1.7598,-0.0806009,2.10067,-0.491847,-0.00704783,0.120357,0.029605,-0.0728718,0.674936,-0.682111
roll,0,-0.0499883,-0.0219545,0.519589,-1.77116,-0.0795195,2.06677,-0.521419,-0.00830425,0.140941,0.0319757,-0.0716194,0.674368,-0.648699
roll,0,-0.047988,-0.0231553,0.556128,-1.77105,-0.0784327,2.03255,-0.552607,-0.009564,0.16095,0.0345273,-0.0703606,0.674013,-0.61709
roll,0,-0.0459877,-0.0243433,0.574534,-1.73749,-0.0773544,1.9995,-0.582813,-0.0108207,0.180643,0.0363689,-0.069103,0.673133,-0.586427
roll,0,-0.0439873,-0.0255946,0.610157,-1.71814,-0.0762722,1.96528,-0.609265,-0.0120824,0.200055,0.0380585,-0.067844,0.672033,-0.556433
roll,0,-0.041987,-0.0267845,0.635336,-1.67882,-0.0751885,1.9314,-0.634767,-0.0133405,0.219554,0.0364491,-0.0665803,0.670293,-0.529478
roll,0,-0.0399867,-0.0279743,0.6688,-1.67829,-0.0741028,1.89908,-0.66683,-0.0146032,0.237946,0.0377921,-0.065319,0.668081,-0.499344
roll,0,-0.0379863,-0.0291998,0.677704,-1.63255,-0.0730275,1.8613,-0.689106,-0.0158662,0.256213,0.0380406,-0.0640556,0.665596,-0.471608
roll,0,-0.035986,-0.030336,0.741945,-1.67011,-0.0719276,1.83598,-0.729834,-0.0171309,0.274154,0.0368396,-0.0627918,0.662425,-0.44508
roll,0,-0.0339857,-0.0316327,0.735429,-1.58865,-0.0708693,1.79612,-0.744911,-0.0183934,0.291776,0.0349994,-0.0615249,0.659004,-0.419269
roll,0,-0.0319853,-0.0328292,0.782203,-1.59679,-0.0697838,1.76896,-0.781349,-0.0196568,0.309044,0.0326374,-0.0602594,0.655046,-0.394108
roll,0,-0.029985,-0.0340585,0.796513,-1.53912,-0.068706,1.73374,-0.79941,-0.0209202,0.325928,0.0296247,-0.0589914,0.650708,-0.369762
roll,0,-0.0279847,-0.0352172,0.855872,-1.57463,-0.06761,1.71057,-0.844489,-0.0221882,0.34251,0.0259886,-0.0577227,0.645916,-0.34619
roll,0,-0.0259843,-0.0364666,0.856477,-1.50592,-0.0665448,1.66688,-0.852706,-0.023455,0.358698,0.0217197,-0.0564528,0.64069,-0.32336
roll,0,-0.023984,-0.0376986,0.883817,-1.46587,-0.0654746,1.63346,-0.870467,-0.0247206,0.374503,0.0168282,-0.0551842,0.635011,-0.301346
roll,0,-0.0219837,-0.0389109,0.92131,-1.46292,-0.0643923,1.60709,-0.908563,-0.0259882,0.389914,0.0113087,-0.0539145,0.628961,-0.280027
roll,0,-0.0199833,-0.0401029,0.952488,-1.44428,-0.0633046,1.57664,-0.937488,-0.0272558,0.404979,0.00513794,-0.0526436,0.622421,-0.259466
roll,0,-0.017983,-0.0413539,0.971595,-1.40463,-0.0622468,1.53898,-0.954094,-0.0285236,0.419729,-0.00161728,-0.0513724,0.615603,-0.23956
roll,0,-0.0159827,-0.0425413,1.01728,-1.4028,-0.0611494,1.51636,-0.992409,-0.0297926,0.43393,-0.00911464,-0.0501018,0.608137,-0.220563
roll,0,-0.0139823,-0.0437896,1.03982,-1.3698,-0.0600901,1.48171,-1.01443,-0.0310615,0.44782,-0.0172189,-0.0488304,0.60034,-0.202208
roll,0,-0.011982,-0.0449793,1.08933,-1.36966,-0.058996,1.46251,-1.05454,-0.0323307,0.461455,-0.0259456,-0.047558,0.592185,-0.184448
roll,0,-0.00998166,-0.0462317,1.10822,-1.32268,-0.0579369,1.42676,-1.06944,-0.0336001,0.474449,-0.035398,-0.0462847,0.583444,-0.167606
roll,0,-0.00798133,-0.0474592,1.1292,-1.2788,-0.0568731,1.38589,-1.07592,-0.03487,0.487163,-0.0454505,-0.0450127,0.5744,-0.151437
roll,0,-0.005981,-0.0486354,1.1998,-1.31302,-0.0557446,1.39127,-1.15572,-0.0361414,0.499589,-0.0564181,-0.0437412,0.564968,-0.136057
roll,0,-0.00398066,-0.0499154,1.19626,-1.22889,-0.0547232,1.32786,-1.12571,-0.0374106,0.51132,-0.0681693,-0.0424671,0.554857,-0.121454
roll,0,-0.00198033,-0.0511393,1.23841,-1.21848,-0.0536477,1.30875,-1.16638,-0.0386811,0.522942,-0.0796777,-0.041195,0.544663,-0.106877
